date-time,qty,true
2026-07-14 22:45,53,false
2026-07-14 23:00,53,false
2026-07-14 23:15,52,false
2026-07-14 23:30,52,false
2026-07-14 23:45,49,false
2026-07-15 00:00,42,false
2026-07-15 00:15,42,true
2026-07-15 00:30,44,true
2026-07-15 00:45,49,true
2026-07-15 01:00,55,true
2026-07-15 01:15,59,true
2026-07-15 01:30,63,true
2026-07-15 01:45,65,true
2026-07-15 02:00,67,true
2026-07-15 02:15,69,true
2026-07-15 02:30,71,true
2026-07-15 02:45,73,true
2026-07-15 03:00,74,true
2026-07-15 03:15,75,true
2026-07-15 03:30,76,true
2026-07-15 03:45,77,true
2026-07-15 04:00,78,true
2026-07-15 04:15,79,true
2026-07-15 04:30,79,true
2026-07-15 04:45,80,true
2026-07-15 05:00,83,true
2026-07-15 05:15,83,true
2026-07-15 05:30,83,true
2026-07-15 05:45,83,true
2026-07-15 06:00,83,true
2026-07-15 06:15,84,true
2026-07-15 06:30,84,true
2026-07-15 06:45,85,true
2026-07-15 07:00,85,true
2026-07-15 07:15,86,true
2026-07-15 07:30,86,true
2026-07-15 07:45,87,true
2026-07-15 08:00,87,true
2026-07-15 08:15,88,true
2026-07-15 08:30,88,false
2026-07-15 08:45,87,false
2026-07-15 09:00,83,false
2026-07-15 09:15,80,false
2026-07-15 09:30,76,false
2026-07-15 09:45,74,false
2026-07-15 10:00,69,false
2026-07-15 10:15,64,false
2026-07-15 10:30,62,false
2026-07-15 10:45,57,false
2026-07-15 11:00,51,false
2026-07-15 11:15,46,false
2026-07-15 11:30,40,false
2026-07-15 11:45,35,false
2026-07-15 12:00,29,false
2026-07-15 12:15,23,false
2026-07-15 12:30,16,false
2026-07-15 12:45,10,false
2026-07-15 13:00,6,false
2026-07-15 13:15,3,false
2026-07-15 13:30,null,null
2026-07-15 13:45,2,false
2026-07-15 14:00,9,true
2026-07-15 14:15,15,true
2026-07-15 14:30,21,true
2026-07-15 14:45,27,true
2026-07-15 15:00,33,true
2026-07-15 15:15,39,true
2026-07-15 15:30,45,true
2026-07-15 15:45,50,true
2026-07-15 16:00,55,true
2026-07-15 16:15,60,true
2026-07-15 16:30,63,true
2026-07-15 16:45,65,true
2026-07-15 17:00,67,true
2026-07-15 17:15,72,true
2026-07-15 17:30,78,true
2026-07-15 17:45,79,false
2026-07-15 18:00,77,false
2026-07-15 18:15,71,false
2026-07-15 18:30,66,false
2026-07-15 18:45,60,false
2026-07-15 19:15,49,false
2026-07-15 19:30,46,false
2026-07-15 19:45,41,false
2026-07-15 20:00,35,false
2026-07-15 20:15,32,false
2026-07-15 20:30,32,false
2026-07-15 20:45,32,false
2026-07-15 21:00,32,false
2026-07-15 21:15,32,false
2026-07-15 21:30,31,false
2026-07-15 21:45,31,false
2026-07-15 22:00,31,false
2026-07-15 22:15,29,false
2026-07-15 22:30,24,false
2026-07-15 22:45,24,false
2026-07-15 23:00,23,false
2026-07-15 23:15,29,true
2026-07-15 23:30,40,true
2026-07-15 23:45,52,true
2026-07-16 00:00,65,true
2026-07-16 00:15,76,true
2026-07-16 00:30,80,true
2026-07-16 00:45,80,true
2026-07-16 01:00,80,true
2026-07-16 01:15,80,true
2026-07-16 01:30,80,true
2026-07-16 01:45,81,true
2026-07-16 02:00,81,true
2026-07-16 02:15,81,true
2026-07-16 02:30,81,true
2026-07-16 02:45,81,true
2026-07-16 03:00,81,true
2026-07-16 03:15,86,true
2026-07-16 03:30,91,true
2026-07-16 03:45,96,true
2026-07-16 04:00,99,true
2026-07-16 04:15,100,true
2026-07-16 04:30,100,true
2026-07-16 04:45,100,false
2026-07-16 05:00,100,false
2026-07-16 05:15,100,false
2026-07-16 05:30,100,false
2026-07-16 05:45,100,false
2026-07-16 06:00,100,false
2026-07-16 06:15,97,false
2026-07-16 06:30,95,false
2026-07-16 06:45,94,false
2026-07-16 07:00,92,false
2026-07-16 07:15,88,false
2026-07-16 07:30,82,false
2026-07-16 07:45,73,false
2026-07-16 08:00,70,false
2026-07-16 08:15,67,false
2026-07-16 08:30,64,false
2026-07-16 08:45,63,false
2026-07-16 09:00,61,false
2026-07-16 09:15,60,false
2026-07-16 09:30,59,false
2026-07-16 09:45,56,false
2026-07-16 10:00,53,false
2026-07-16 10:15,50,false
2026-07-16 10:30,47,false
2026-07-16 10:45,42,false
2026-07-16 11:00,37,false
2026-07-16 11:15,32,false
2026-07-16 11:30,27,false
2026-07-16 11:45,22,false
2026-07-16 12:00,16,false
2026-07-16 12:15,15,false
2026-07-16 12:30,14,false
2026-07-16 12:45,39,true
2026-07-16 13:00,63,true
2026-07-16 13:15,78,true
2026-07-16 13:30,88,true
2026-07-16 13:45,93,true
2026-07-16 14:00,95,false
2026-07-16 14:15,95,false
2026-07-16 14:30,95,false
2026-07-16 14:45,95,false
2026-07-16 15:00,91,false
2026-07-16 15:15,87,false
2026-07-16 15:30,83,false
2026-07-16 15:45,79,false
2026-07-16 16:00,74,false
2026-07-16 16:15,70,false
2026-07-16 16:30,63,false
2026-07-16 16:45,58,false
2026-07-16 17:00,53,false
2026-07-16 17:15,50,false
2026-07-16 17:30,48,false
2026-07-16 17:45,45,false
2026-07-16 18:00,42,false
2026-07-16 18:15,39,false
2026-07-16 18:30,36,false
2026-07-16 18:45,33,false
2026-07-16 19:15,31,false
2026-07-16 19:30,26,false
2026-07-16 19:45,23,false
2026-07-16 20:00,19,false
2026-07-16 20:15,17,false
2026-07-16 20:30,15,false
2026-07-16 20:45,13,false
2026-07-16 21:00,10,false
2026-07-16 21:15,6,false
2026-07-16 21:30,4,false
2026-07-16 21:45,26,false
2026-07-16 22:00,26,false
2026-07-16 22:15,26,false
2026-07-16 22:30,25,false
2026-07-16 22:45,21,false
2026-07-16 23:00,21,false
2026-07-16 23:15,19,false
2026-07-16 23:30,18,false
2026-07-16 23:45,12,false
2026-07-17 00:00,8,false
2026-07-17 00:15,5,false
2026-07-17 00:30,3,false
2026-07-17 00:45,2,false
2026-07-17 01:00,2,false
2026-07-17 01:15,4,true
2026-07-17 01:30,8,true
2026-07-17 01:45,12,true
2026-07-17 02:00,16,true
2026-07-17 02:15,20,true
2026-07-17 02:30,23,true
2026-07-17 02:45,25,true
2026-07-17 03:00,28,true
2026-07-17 03:15,31,true
2026-07-17 03:30,33,true
2026-07-17 03:45,36,true
2026-07-17 04:00,39,true
2026-07-17 04:15,41,true
2026-07-17 04:30,44,true
2026-07-17 04:45,46,true
2026-07-17 05:00,49,true
2026-07-17 05:15,51,true
2026-07-17 05:30,53,true
2026-07-17 05:45,55,true
2026-07-17 06:00,57,true
2026-07-17 06:15,59,true
2026-07-17 06:30,61,true
2026-07-17 06:45,63,true
2026-07-17 07:00,65,true
2026-07-17 07:15,66,true
2026-07-17 07:30,68,true
2026-07-17 07:45,69,false
2026-07-17 08:00,67,false
2026-07-17 08:15,64,false
2026-07-17 08:30,58,false
2026-07-17 08:45,54,false
2026-07-17 09:00,50,false
2026-07-17 09:15,43,false
2026-07-17 09:30,38,false
2026-07-17 09:45,33,false
2026-07-17 10:00,29,false
2026-07-17 10:15,25,false
2026-07-17 10:30,19,false
2026-07-17 10:45,15,false
2026-07-17 11:00,9,false
2026-07-17 11:15,5,false
2026-07-17 11:30,3,true
2026-07-17 11:45,19,true
2026-07-17 12:00,34,true
2026-07-17 12:15,45,true
2026-07-17 12:30,56,true
2026-07-17 12:45,54,false
2026-07-17 13:00,49,false
2026-07-17 13:15,44,false
2026-07-17 13:30,36,false
2026-07-17 13:45,32,false
2026-07-17 14:00,27,false
2026-07-17 14:15,21,false
2026-07-17 14:30,16,false
2026-07-17 14:45,9,false
2026-07-17 15:00,3,false
2026-07-17 15:15,3,false
2026-07-17 15:30,8,true
2026-07-17 15:45,11,true
2026-07-17 16:00,13,true
2026-07-17 16:15,11,false
2026-07-17 16:30,9,false
2026-07-17 16:45,5,false
2026-07-17 17:00,3,true
2026-07-17 17:15,15,true
2026-07-17 17:30,25,false
2026-07-17 17:45,18,false
2026-07-17 18:00,13,true
2026-07-17 18:15,16,true
2026-07-17 18:30,20,true
2026-07-17 18:45,19,false
2026-07-17 19:15,12,false
2026-07-17 19:34,9,false
2026-07-17 19:45,6,false
2026-07-17 20:00,3,false
2026-07-17 20:30,7,true
2026-07-17 20:30,7,true
2026-07-17 20:45,11,true
2026-07-17 21:00,21,true
2026-07-17 21:15,29,true
2026-07-17 21:30,37,true
2026-07-17 21:45,47,true
2026-07-17 22:00,53,true
2026-07-17 22:15,61,true
2026-07-17 22:30,66,true
2026-07-17 22:45,74,true
2026-07-17 23:00,74,false
2026-07-17 23:15,74,false
2026-07-17 23:30,71,false
2026-07-17 23:45,66,false
2026-07-18 00:00,63,false
2026-07-18 00:15,60,false
2026-07-18 00:30,54,false
2026-07-18 00:45,48,false
2026-07-18 01:00,40,false
2026-07-18 01:15,35,false
2026-07-18 01:30,34,false
2026-07-18 01:45,35,true
2026-07-18 02:00,46,true
2026-07-18 02:15,51,true
2026-07-18 02:30,56,true
2026-07-18 02:45,61,true
2026-07-18 03:00,64,true
2026-07-18 03:15,68,true
2026-07-18 03:30,72,true
2026-07-18 03:45,75,true
2026-07-18 04:00,78,true
2026-07-18 04:15,81,true
2026-07-18 04:30,84,true
2026-07-18 04:45,86,true
2026-07-18 05:00,89,true
2026-07-18 05:15,91,true
2026-07-18 05:30,93,true
2026-07-18 05:45,94,true
2026-07-18 06:00,96,true
2026-07-18 06:15,97,true
2026-07-18 06:30,98,true
2026-07-18 06:45,99,true
2026-07-18 07:00,100,true
2026-07-18 07:15,100,false
2026-07-18 07:30,100,false
2026-07-18 07:45,100,false
2026-07-18 08:00,100,false
2026-07-18 08:15,100,false
2026-07-18 08:30,100,false
2026-07-18 08:45,100,false
2026-07-18 09:00,100,false
2026-07-18 09:15,100,false
2026-07-18 09:30,100,false
2026-07-18 09:45,100,false
2026-07-18 10:00,100,false
2026-07-18 10:15,98,false
2026-07-18 10:30,95,false
2026-07-18 10:45,94,false
2026-07-18 11:00,89,false
2026-07-18 11:15,86,false
2026-07-18 11:30,82,false
2026-07-18 11:45,77,false
2026-07-18 12:00,75,false
2026-07-18 12:15,74,false
2026-07-18 12:30,74,false
2026-07-18 12:45,71,false
2026-07-18 13:00,67,false
2026-07-18 13:15,65,false
2026-07-18 13:30,63,false
2026-07-18 13:45,60,false
2026-07-18 14:00,55,false
2026-07-18 14:15,51,false
2026-07-18 14:30,47,false
2026-07-18 14:45,46,false
2026-07-18 15:00,42,false
2026-07-18 15:15,36,false
2026-07-18 15:30,35,false
2026-07-18 15:45,35,false
2026-07-18 16:00,30,false
2026-07-18 16:15,27,false
2026-07-18 16:30,23,false
2026-07-18 16:45,17,false
2026-07-18 17:00,12,false
2026-07-18 17:15,12,false
2026-07-18 17:30,12,false
2026-07-18 17:45,12,false
2026-07-18 18:00,9,false
2026-07-18 18:15,5,false
2026-07-18 18:30,5,false
2026-07-18 18:45,5,false
2026-07-18 19:15,3,false
2026-07-18 19:30,3,false
2026-07-18 19:45,3,false
2026-07-18 20:00,2,false
2026-07-18 20:15,2,false
2026-07-18 20:30,2,false
2026-07-18 20:45,2,false
2026-07-18 21:00,2,false
2026-07-18 21:15,2,true
2026-07-18 21:30,10,true
2026-07-18 21:45,17,true
2026-07-18 22:00,23,true
2026-07-18 22:15,24,true
2026-07-18 22:30,29,true
2026-07-18 22:45,34,false
2026-07-18 23:00,30,false
2026-07-18 23:15,27,false
2026-07-18 23:30,26,false
2026-07-18 23:45,25,false
2026-07-19 00:00,22,false
2026-07-19 00:15,13,false
2026-07-19 00:30,18,true
2026-07-19 00:45,26,true
2026-07-19 01:00,34,true
2026-07-19 01:15,41,true
2026-07-19 01:30,48,true
2026-07-19 01:45,54,true
2026-07-19 02:00,60,true
2026-07-19 02:15,67,true
2026-07-19 02:30,72,true
2026-07-19 02:45,77,true
2026-07-19 03:00,82,true
2026-07-19 03:15,86,true
2026-07-19 03:30,89,true
2026-07-19 03:45,91,true
2026-07-19 04:00,94,true
2026-07-19 04:15,96,true
2026-07-19 04:30,98,true
2026-07-19 04:45,100,true
2026-07-19 05:00,100,true
2026-07-19 05:15,100,false
2026-07-19 05:30,100,false
2026-07-19 05:45,100,false
2026-07-19 06:00,100,false
2026-07-19 06:15,100,false
2026-07-19 06:30,100,false
2026-07-19 06:45,100,false
2026-07-19 07:00,100,false
2026-07-19 07:15,100,false
2026-07-19 07:30,100,false
2026-07-19 07:45,100,false
2026-07-19 08:00,100,false
2026-07-19 08:15,97,false
2026-07-19 08:30,91,false
2026-07-19 08:45,85,false
2026-07-19 09:00,80,false
2026-07-19 09:15,75,false
2026-07-19 09:30,70,false
2026-07-19 09:45,65,false
2026-07-19 10:00,59,false
2026-07-19 10:15,54,false
2026-07-19 10:30,49,false
2026-07-19 10:45,44,false
2026-07-19 11:00,44,false
2026-07-19 11:15,44,false
2026-07-19 11:30,38,false
2026-07-19 11:45,32,false
2026-07-19 12:00,27,false
2026-07-19 12:15,20,false
2026-07-19 12:30,13,false
2026-07-19 12:45,7,false
2026-07-19 13:00,15,true
2026-07-19 13:15,38,true
2026-07-19 13:30,49,true
2026-07-19 13:45,53,false
2026-07-19 14:00,50,false
2026-07-19 14:15,47,false
2026-07-19 14:30,45,false
2026-07-19 14:45,42,false
2026-07-19 15:00,39,false
2026-07-19 15:15,37,false
2026-07-19 15:30,36,false
2026-07-19 15:45,36,false
2026-07-19 16:00,36,false
2026-07-19 16:15,36,false
2026-07-19 16:30,35,false
2026-07-19 16:45,35,false
2026-07-19 17:00,35,false
2026-07-19 17:15,34,false
2026-07-19 17:30,33,false
2026-07-19 17:45,33,false
2026-07-19 18:00,31,false
2026-07-19 18:15,30,false
2026-07-19 18:30,28,false
2026-07-19 18:45,24,false
2026-07-19 19:15,16,false
2026-07-19 19:31,16,false
2026-07-19 19:45,16,false
2026-07-19 20:00,16,false
2026-07-19 20:15,14,false
2026-07-19 20:30,11,false
2026-07-19 20:45,7,false
2026-07-19 21:00,12,true
2026-07-19 21:15,24,true
2026-07-19 21:30,34,true
2026-07-19 21:45,41,true
2026-07-19 22:00,47,true
2026-07-19 22:15,52,true
2026-07-19 22:30,58,true
2026-07-19 22:45,61,true
2026-07-19 23:00,62,false
2026-07-19 23:15,59,false
2026-07-19 23:30,55,false
2026-07-19 23:45,52,false
2026-07-20 00:00,48,false
2026-07-20 00:15,44,false
2026-07-20 00:30,39,false
2026-07-20 00:45,33,false
2026-07-20 01:00,28,false
2026-07-20 01:15,39,true
2026-07-20 01:30,51,true
2026-07-20 01:45,63,true
2026-07-20 02:00,73,true
2026-07-20 02:15,82,true
2026-07-20 02:30,90,true
2026-07-20 02:45,95,true
2026-07-20 03:00,97,true
2026-07-20 03:15,99,true
2026-07-20 03:30,100,true
2026-07-20 03:45,100,false
2026-07-20 04:00,100,false
2026-07-20 04:15,100,false
2026-07-20 04:30,100,false
2026-07-20 04:45,100,false
2026-07-20 05:00,100,false
2026-07-20 05:15,100,false
2026-07-20 05:30,100,false
2026-07-20 05:45,100,false
2026-07-20 06:00,100,false
2026-07-20 06:15,100,false
2026-07-20 06:30,100,false
2026-07-20 06:45,100,false
2026-07-20 07:00,100,false
2026-07-20 07:15,100,false
2026-07-20 07:30,100,false
2026-07-20 07:45,100,false
2026-07-20 08:00,100,false
2026-07-20 08:15,100,false
2026-07-20 08:30,100,false
2026-07-20 08:45,100,false
2026-07-20 09:00,100,false
2026-07-20 09:15,100,false
2026-07-20 09:30,96,false
2026-07-20 09:45,93,false
2026-07-20 10:00,90,false
2026-07-20 10:15,86,false
2026-07-20 10:30,83,false
2026-07-20 10:45,82,false
2026-07-20 11:00,82,false
2026-07-20 11:15,82,false
2026-07-20 11:30,78,false
2026-07-20 11:45,71,false
2026-07-20 12:15,60,false
2026-07-20 12:30,60,false
2026-07-20 12:45,59,false
2026-07-20 13:00,53,false
2026-07-20 13:15,51,false
2026-07-20 13:30,49,false
2026-07-20 13:45,49,false
2026-07-20 14:00,49,false
2026-07-20 14:15,47,false
2026-07-20 14:30,44,false
2026-07-20 14:45,41,false
2026-07-20 15:00,37,false
2026-07-20 15:15,33,false
2026-07-20 15:30,28,false
2026-07-20 15:45,24,false
2026-07-20 16:00,19,false
2026-07-20 16:15,15,false
2026-07-20 16:30,13,false
2026-07-20 16:45,12,false
2026-07-20 17:00,8,false
2026-07-20 17:15,5,false
2026-07-20 17:30,2,false
2026-07-20 17:45,8,true
2026-07-20 18:00,15,true
2026-07-20 18:15,21,true
2026-07-20 18:30,27,true
2026-07-20 18:45,26,false
2026-07-20 19:15,28,true
2026-07-20 19:30,53,true
2026-07-20 19:45,62,false
2026-07-20 20:00,62,false
2026-07-20 20:15,62,false
2026-07-20 20:30,60,false
2026-07-20 20:45,58,false
2026-07-20 21:00,56,false
2026-07-20 21:15,55,false
2026-07-20 21:30,55,false
2026-07-20 21:45,54,false
2026-07-20 22:00,54,false
2026-07-20 22:15,52,false
2026-07-20 22:30,48,false
2026-07-20 22:45,43,false
2026-07-20 23:00,40,false
2026-07-20 23:15,41,true
2026-07-20 23:30,43,true
2026-07-20 23:45,44,true
2026-07-21 00:00,46,true
2026-07-21 00:15,49,true
2026-07-21 00:30,51,true
2026-07-21 00:45,53,true
2026-07-21 01:00,56,true
2026-07-21 01:15,58,true
2026-07-21 01:30,59,true
2026-07-21 01:45,61,true
2026-07-21 02:00,61,true
2026-07-21 02:15,63,true
2026-07-21 02:30,64,true
2026-07-21 02:45,65,true
2026-07-21 03:00,67,true
2026-07-21 03:15,68,true
2026-07-21 03:30,69,true
2026-07-21 03:45,70,true
2026-07-21 04:00,71,true
2026-07-21 04:15,72,true
2026-07-21 04:30,73,true
2026-07-21 04:45,74,true
2026-07-21 05:00,75,true
2026-07-21 05:15,76,true
2026-07-21 05:30,78,true
2026-07-21 05:45,78,true
2026-07-21 06:00,79,true
2026-07-21 06:15,80,true
2026-07-21 06:30,80,true
2026-07-21 06:45,80,true
2026-07-21 07:00,81,true
2026-07-21 07:15,82,false
2026-07-21 07:30,82,false
2026-07-21 07:45,80,false
2026-07-21 08:00,75,false
2026-07-21 08:15,72,false
2026-07-21 08:30,68,false
2026-07-21 08:45,65,false
2026-07-21 09:00,59,false
2026-07-21 09:15,53,false
2026-07-21 09:30,47,false
2026-07-21 09:45,39,false
2026-07-21 10:00,34,false
2026-07-21 10:15,30,false
2026-07-21 10:30,25,false
2026-07-21 10:45,17,false
2026-07-21 11:00,12,false
2026-07-21 11:15,8,false
2026-07-21 11:30,3,false
2026-07-21 11:45,12,false
2026-07-21 12:00,7,false
2026-07-21 12:15,2,false
2026-07-21 12:45,16,false
2026-07-21 13:00,27,true
2026-07-21 13:15,36,true
2026-07-21 13:30,42,true
2026-07-21 13:45,47,true
2026-07-21 14:00,52,true
2026-07-21 14:15,57,true
2026-07-21 14:30,61,true
2026-07-21 14:45,64,true
2026-07-21 15:00,66,true
2026-07-21 15:15,71,true
2026-07-21 15:30,75,true
2026-07-21 15:45,78,true
2026-07-21 16:00,81,true
2026-07-21 16:15,82,true
2026-07-21 16:30,84,true
2026-07-21 16:45,86,true
2026-07-21 17:00,86,false
2026-07-21 17:15,86,false
2026-07-21 17:30,84,false
2026-07-21 17:45,82,false
2026-07-21 18:00,79,false
2026-07-21 18:15,75,false
2026-07-21 18:30,71,false
2026-07-21 18:45,69,false
2026-07-21 19:15,74,true
2026-07-21 19:30,87,true
2026-07-21 19:45,90,false
2026-07-21 20:00,90,false
2026-07-21 20:15,89,false
2026-07-21 20:30,87,false
2026-07-21 20:45,86,false
2026-07-21 21:00,84,false
2026-07-21 21:15,82,false
2026-07-21 21:30,81,false
2026-07-21 21:45,78,false
2026-07-21 22:00,77,false
2026-07-21 22:15,74,false
2026-07-21 22:30,73,false
2026-07-21 22:45,72,false
2026-07-21 23:00,72,false
2026-07-21 23:15,72,false
2026-07-21 23:30,72,false
2026-07-21 23:45,70,false
2026-07-22 00:00,69,false
2026-07-22 00:15,68,false
2026-07-22 00:30,68,false
2026-07-22 00:45,68,false
2026-07-22 01:00,68,true
2026-07-22 01:15,72,true
2026-07-22 01:30,77,true
2026-07-22 01:45,80,true
2026-07-22 02:00,84,true
2026-07-22 02:15,87,true
2026-07-22 02:30,90,true
2026-07-22 02:45,92,true
2026-07-22 03:00,95,true
2026-07-22 03:15,97,true
2026-07-22 03:30,99,true
2026-07-22 03:45,100,true
2026-07-22 04:00,100,true
2026-07-22 04:15,100,false
2026-07-22 04:30,100,false
2026-07-22 04:45,100,false
2026-07-22 05:00,100,false
2026-07-22 05:15,100,false
2026-07-22 05:30,100,false
2026-07-22 05:45,100,false
2026-07-22 06:00,100,false
2026-07-22 06:15,100,false
2026-07-22 06:30,100,false
2026-07-22 06:45,100,false
2026-07-22 07:00,100,false
2026-07-22 07:15,100,false
2026-07-22 07:30,100,false
2026-07-22 07:45,100,false
2026-07-22 08:00,100,false
2026-07-22 08:15,99,false
2026-07-22 08:30,96,false
2026-07-22 08:45,93,false
2026-07-22 09:00,93,true
2026-07-22 09:15,95,true
2026-07-22 09:30,98,true
2026-07-22 09:45,99,false
2026-07-22 10:00,98,false
2026-07-22 10:15,94,false
2026-07-22 10:30,90,false
2026-07-22 10:45,86,false
2026-07-22 11:00,83,false
2026-07-22 11:15,83,false
2026-07-22 11:30,82,false
2026-07-22 11:45,82,false
2026-07-22 12:00,81,false
2026-07-22 12:15,76,false
2026-07-22 12:30,74,false
2026-07-22 12:45,72,false
2026-07-22 13:00,67,false
2026-07-22 13:15,66,false
2026-07-22 13:30,66,false
2026-07-22 13:45,62,false
2026-07-22 14:00,58,false
2026-07-22 14:15,56,false
2026-07-22 14:30,56,false
2026-07-22 14:45,56,false
2026-07-22 15:00,54,false
2026-07-22 15:15,48,false
2026-07-22 15:30,38,true
2026-07-22 15:45,37,true
2026-07-22 16:00,39,false
2026-07-22 16:15,38,false
2026-07-22 16:30,35,false
2026-07-22 16:45,35,false
2026-07-22 17:00,34,false
2026-07-22 17:15,34,false
2026-07-22 17:30,30,false
2026-07-22 17:45,29,false
2026-07-22 18:15,23,false
2026-07-22 18:30,21,false
2026-07-22 18:45,20,false
2026-07-22 19:15,19,false
2026-07-22 19:30,22,true
2026-07-22 19:45,47,true
2026-07-22 20:00,50,false
2026-07-22 20:15,48,false
2026-07-22 20:30,46,false
2026-07-22 20:45,44,false
2026-07-22 21:00,42,false
2026-07-22 21:15,37,false
2026-07-22 21:30,35,false
2026-07-22 21:45,33,false
2026-07-22 22:00,30,false
2026-07-22 22:15,30,false
2026-07-22 22:30,27,false
2026-07-22 22:45,26,false
2026-07-22 23:00,25,false
2026-07-22 23:15,24,false
2026-07-22 23:30,24,false
2026-07-22 23:45,23,false
2026-07-23 00:00,21,false
2026-07-23 00:15,19,false
2026-07-23 00:30,19,false
2026-07-23 00:45,29,true
2026-07-23 01:00,44,true
2026-07-23 01:15,56,true
2026-07-23 01:30,67,true
2026-07-23 01:45,77,true
2026-07-23 02:00,85,true
2026-07-23 02:15,92,true
2026-07-23 02:30,96,true
2026-07-23 02:45,98,true
2026-07-23 03:00,100,true
2026-07-23 03:15,100,true
2026-07-23 03:30,100,false
2026-07-23 03:45,100,false
2026-07-23 04:00,100,false
2026-07-23 04:15,100,false
2026-07-23 04:30,100,false
2026-07-23 04:45,100,false
2026-07-23 05:00,100,false
2026-07-23 05:15,100,false
2026-07-23 05:30,100,false
2026-07-23 05:45,100,false
2026-07-23 06:00,100,false
2026-07-23 06:15,100,false
2026-07-23 06:30,100,false
2026-07-23 06:45,100,false
2026-07-23 07:00,100,false
2026-07-23 07:15,100,false
2026-07-23 07:30,100,false
2026-07-23 07:45,100,false
2026-07-23 08:00,100,false
2026-07-23 08:15,97,false
2026-07-23 08:30,93,false
2026-07-23 08:45,89,false
2026-07-23 09:00,82,false
2026-07-23 09:15,76,false
2026-07-23 09:30,70,false
2026-07-23 09:45,64,false
2026-07-23 10:00,58,false
2026-07-23 10:15,52,false
2026-07-23 10:30,46,false
2026-07-23 10:45,40,false
2026-07-23 11:00,34,false
2026-07-23 11:15,28,false
2026-07-23 11:30,23,false
2026-07-23 11:45,17,false
2026-07-23 12:00,14,false
2026-07-23 12:15,12,false
2026-07-23 12:30,8,false
2026-07-23 12:45,3,false
2026-07-23 13:00,8,true
2026-07-23 13:15,14,true
2026-07-23 13:30,20,true
2026-07-23 13:45,24,true
2026-07-23 14:00,28,true
2026-07-23 14:15,32,true
2026-07-23 14:30,37,false
2026-07-23 14:45,33,false
2026-07-23 15:00,29,false
2026-07-23 15:15,27,false
2026-07-23 15:30,22,false
2026-07-23 15:45,20,false
2026-07-23 16:00,16,false
2026-07-23 16:15,14,false
2026-07-23 16:30,10,false
2026-07-23 16:45,6,false
2026-07-23 17:00,13,true
2026-07-23 17:15,20,true
2026-07-23 17:30,26,true
2026-07-23 17:45,32,true
2026-07-23 18:00,33,false
2026-07-23 18:15,30,false
2026-07-23 18:30,30,false
2026-07-23 18:45,27,false
2026-07-23 19:15,21,false
2026-07-23 19:30,17,false
2026-07-23 19:45,13,false
2026-07-23 20:00,6,false
2026-07-23 20:15,4,false
2026-07-23 20:30,4,true
2026-07-23 20:45,10,true
2026-07-23 21:00,14,true
2026-07-23 21:15,19,true
2026-07-23 21:30,25,false
2026-07-23 21:45,22,false
2026-07-23 22:00,21,false
2026-07-23 22:15,17,false
2026-07-23 22:30,16,false
2026-07-23 22:45,9,false
2026-07-23 23:00,5,false
2026-07-23 23:15,5,false
2026-07-23 23:30,4,false
2026-07-23 23:45,29,true
2026-07-24 00:00,53,true
2026-07-24 00:15,72,true
2026-07-24 00:30,81,true
2026-07-24 00:45,82,true
2026-07-24 01:00,88,true
2026-07-24 01:15,94,true
2026-07-24 01:30,97,true
2026-07-24 01:45,98,true
2026-07-24 02:00,100,true
2026-07-24 02:15,100,false
2026-07-24 02:30,100,false
2026-07-24 02:45,100,false
2026-07-24 03:00,100,false
2026-07-24 03:15,100,false
2026-07-24 03:30,100,false
2026-07-24 03:45,100,false
2026-07-24 04:00,100,false
2026-07-24 04:15,100,false
2026-07-24 04:30,100,false
2026-07-24 04:45,100,false
2026-07-24 05:00,100,false
2026-07-24 05:15,100,false
2026-07-24 05:30,100,false
2026-07-24 05:45,100,false
2026-07-24 06:00,100,false
2026-07-24 06:15,100,false
2026-07-24 06:30,100,false
2026-07-24 06:45,100,false
2026-07-24 07:00,100,false
2026-07-24 07:15,100,false
2026-07-24 07:30,100,false
2026-07-24 07:45,100,false
2026-07-24 08:00,100,false
2026-07-24 08:15,100,false
2026-07-24 08:30,100,false
2026-07-24 08:45,96,false
2026-07-24 09:00,93,false
2026-07-24 09:15,90,false
2026-07-24 09:30,88,false
2026-07-24 09:45,87,false
2026-07-24 10:00,86,false
2026-07-24 10:15,83,false
2026-07-24 10:30,79,false
2026-07-24 10:45,75,false
2026-07-24 11:00,71,false
2026-07-24 11:15,67,false
2026-07-24 11:30,60,false
2026-07-24 11:45,55,false
2026-07-24 12:00,49,false
2026-07-24 12:15,45,false
2026-07-24 12:30,41,false
2026-07-24 12:45,37,false
2026-07-24 13:00,31,false
2026-07-24 13:15,31,false
2026-07-24 13:30,29,false
2026-07-24 13:45,29,false
2026-07-24 14:00,20,false
2026-07-24 14:15,17,false
2026-07-24 14:30,12,false
2026-07-24 14:45,9,false
2026-07-24 15:00,28,true
2026-07-24 15:15,54,true
2026-07-24 15:30,74,true
2026-07-24 15:45,83,true
2026-07-24 16:00,92,true
2026-07-24 16:15,97,true
2026-07-24 16:30,99,true
2026-07-24 16:45,100,true
2026-07-24 17:00,100,false
2026-07-24 17:15,100,false
2026-07-24 17:30,100,false
2026-07-24 17:45,100,false
2026-07-24 18:00,100,false
2026-07-24 18:15,100,false
2026-07-24 18:30,97,false
2026-07-24 18:45,95,false
2026-07-24 19:15,92,false
2026-07-24 19:30,91,false
2026-07-24 19:45,91,false
2026-07-24 20:00,90,false
2026-07-24 20:15,90,false
2026-07-24 20:30,88,false
2026-07-24 20:45,85,false
2026-07-24 21:00,84,false
2026-07-24 21:15,84,false
2026-07-24 21:30,83,false
2026-07-24 21:45,83,false
2026-07-24 22:00,83,false
2026-07-24 22:15,83,false
2026-07-24 22:30,82,false
2026-07-24 22:45,81,false
2026-07-24 23:00,80,false
2026-07-24 23:15,79,false
2026-07-24 23:30,79,false
2026-07-24 23:45,77,false
2026-07-25 00:00,72,false
2026-07-25 00:15,71,false
2026-07-25 00:30,71,false
2026-07-25 00:45,70,false
2026-07-25 01:00,69,false
2026-07-25 01:15,68,false
2026-07-25 01:30,68,true
2026-07-25 01:45,75,true
2026-07-25 02:00,84,true
2026-07-25 02:15,91,true
2026-07-25 02:30,96,true
2026-07-25 02:45,99,true
2026-07-25 03:00,100,true
2026-07-25 03:15,100,true
2026-07-25 03:30,100,false
2026-07-25 03:45,100,false
2026-07-25 04:00,100,false
2026-07-25 04:15,100,false
2026-07-25 04:30,100,false
2026-07-25 04:45,100,false
2026-07-25 05:00,100,false
2026-07-25 05:15,100,false
2026-07-25 05:30,100,false
2026-07-25 05:45,100,false
2026-07-25 06:00,100,false
2026-07-25 06:15,100,false
2026-07-25 06:30,100,false
2026-07-25 06:45,100,false
2026-07-25 07:00,100,false
2026-07-25 07:15,100,false
2026-07-25 07:30,100,false
2026-07-25 07:45,100,false
2026-07-25 08:00,100,false
2026-07-25 08:15,98,false
2026-07-25 08:30,97,false
2026-07-25 08:45,95,false
2026-07-25 09:00,94,false
2026-07-25 09:15,93,false
2026-07-25 09:30,90,false
2026-07-25 09:45,89,false
2026-07-25 10:00,86,false
2026-07-25 10:15,86,false
2026-07-25 10:30,84,false
2026-07-25 10:45,81,false
2026-07-25 11:00,79,false
2026-07-25 11:15,79,false
2026-07-25 11:30,77,false
2026-07-25 11:45,76,false
2026-07-25 12:00,74,false
2026-07-25 12:15,73,false
2026-07-25 12:30,73,false
2026-07-25 12:45,72,false
2026-07-25 13:00,69,false
2026-07-25 13:15,65,false
2026-07-25 13:30,63,false
2026-07-25 13:45,62,false
2026-07-25 14:00,62,false
2026-07-25 14:15,61,false
2026-07-25 14:30,60,false
2026-07-25 14:45,60,false
2026-07-25 15:00,58,false
2026-07-25 15:15,53,false
2026-07-25 15:30,51,false
2026-07-25 15:45,50,false
2026-07-25 16:00,49,false
2026-07-25 16:15,48,false
2026-07-25 16:30,47,false
2026-07-25 16:45,45,false
2026-07-25 17:00,40,false
2026-07-25 17:15,37,false
2026-07-25 17:30,34,false
2026-07-25 17:45,31,false
2026-07-25 18:00,30,false
2026-07-25 18:15,30,false
2026-07-25 18:30,29,false
2026-07-25 18:45,26,false
2026-07-25 19:15,20,false
2026-07-25 19:30,17,false
2026-07-25 19:45,14,false
2026-07-25 20:00,11,false
2026-07-25 20:15,9,false
2026-07-25 20:30,4,false
2026-07-25 20:45,4,false
2026-07-25 21:00,5,true
2026-07-25 21:15,9,true
2026-07-25 21:30,14,true
2026-07-25 21:45,22,true
2026-07-25 22:00,29,true
2026-07-25 22:15,34,true
2026-07-25 22:30,39,true
2026-07-25 22:45,43,true
2026-07-25 23:00,47,true
2026-07-25 23:15,51,true
2026-07-25 23:30,57,true
2026-07-25 23:45,61,true
2026-07-26 00:00,61,false
2026-07-26 00:15,55,false
2026-07-26 00:30,52,false
2026-07-26 00:45,49,false
2026-07-26 01:00,46,false
2026-07-26 01:15,43,false
2026-07-26 01:30,39,false
2026-07-26 01:45,37,false
2026-07-26 02:00,34,false
2026-07-26 02:15,31,false
2026-07-26 02:30,29,false
2026-07-26 02:45,26,false
2026-07-26 03:00,23,false
2026-07-26 03:15,20,false
2026-07-26 03:30,18,false
2026-07-26 03:45,15,false
2026-07-26 04:00,12,false
2026-07-26 04:15,9,false
2026-07-26 04:30,6,false
2026-07-26 04:45,4,false
2026-07-26 05:00,2,false
2026-07-26 08:30,69,false
2026-07-26 08:45,68,false
2026-07-26 09:00,62,false
2026-07-26 09:15,60,false
2026-07-26 09:30,59,false
2026-07-26 09:45,58,false
2026-07-26 10:00,53,false
2026-07-26 10:15,49,false
2026-07-26 10:30,49,false
2026-07-26 10:45,46,false
2026-07-26 11:00,45,false
2026-07-26 11:15,45,false
2026-07-26 11:30,45,false
2026-07-26 11:45,36,false
2026-07-26 12:00,30,false
2026-07-26 12:15,25,false
2026-07-26 12:30,20,false
2026-07-26 12:45,13,false
2026-07-26 13:00,8,false
2026-07-26 13:15,4,false
2026-07-26 13:30,1,false
2026-07-26 13:45,1,false
2026-07-26 14:00,7,true
2026-07-26 14:15,17,false
2026-07-26 14:30,16,false
2026-07-26 14:45,11,false
2026-07-26 15:00,8,false
2026-07-26 15:15,3,false
2026-07-26 15:30,8,true
2026-07-26 15:45,16,false
2026-07-26 16:00,11,false
2026-07-26 16:15,6,false
2026-07-26 16:30,6,true
2026-07-26 16:45,9,true
2026-07-26 17:00,12,true
2026-07-26 17:15,15,true
2026-07-26 17:30,17,true
2026-07-26 17:45,21,true
2026-07-26 18:00,27,true
2026-07-26 18:15,29,false
2026-07-26 18:30,26,false
2026-07-26 18:45,24,false
2026-07-26 19:15,20,false
2026-07-26 19:30,29,true
2026-07-26 19:45,43,false
2026-07-26 20:00,43,false
2026-07-26 20:15,39,false
2026-07-26 20:30,37,false
2026-07-26 20:45,36,false
2026-07-26 21:00,34,false
2026-07-26 21:15,32,false
2026-07-26 21:30,28,false
2026-07-26 21:45,25,false
2026-07-26 22:00,21,false
2026-07-26 22:15,20,false
2026-07-26 22:30,17,false
2026-07-26 22:45,13,false
2026-07-26 23:00,12,false
2026-07-26 23:15,6,false
2026-07-26 23:30,5,false
2026-07-26 23:45,3,false
2026-07-27 00:00,3,false
2026-07-27 00:15,3,false
2026-07-27 00:30,2,false
2026-07-27 00:45,4,true
2026-07-27 01:00,15,true
2026-07-27 01:15,26,true
2026-07-27 01:30,37,true
2026-07-27 01:45,47,true
2026-07-27 02:00,56,true
2026-07-27 02:15,61,true
2026-07-27 02:30,67,true
2026-07-27 02:45,79,true
2026-07-27 03:00,88,true
2026-07-27 03:15,93,true
2026-07-27 03:30,96,true
2026-07-27 03:45,98,true
2026-07-27 04:00,100,true
2026-07-27 04:15,100,false
2026-07-27 04:30,100,false
2026-07-27 04:45,100,false
2026-07-27 05:00,100,false
2026-07-27 05:15,100,false
2026-07-27 05:30,100,false
2026-07-27 05:45,100,false
2026-07-27 06:00,100,false
2026-07-27 06:15,100,false
2026-07-27 06:30,100,false
2026-07-27 06:45,100,false
2026-07-27 07:00,100,false
2026-07-27 07:15,100,false
2026-07-27 07:30,100,false
2026-07-27 07:45,100,false
2026-07-27 08:00,100,false
2026-07-27 08:15,98,false
2026-07-27 08:30,93,false
2026-07-27 08:45,87,false
2026-07-27 09:00,82,false
2026-07-27 09:15,79,false
2026-07-27 09:30,74,false
2026-07-27 09:45,69,false
2026-07-27 10:00,63,false
2026-07-27 10:15,58,false
2026-07-27 10:30,52,false
2026-07-27 10:45,47,false
2026-07-27 11:00,40,false
2026-07-27 11:15,40,false
2026-07-27 11:30,40,false
2026-07-27 11:45,40,false
2026-07-27 12:00,35,false
2026-07-27 12:15,29,false
2026-07-27 12:30,26,false
2026-07-27 12:45,20,false
2026-07-27 13:00,13,false
2026-07-27 13:15,7,false
2026-07-27 13:30,8,true
2026-07-27 13:45,11,true
2026-07-27 14:00,13,true
2026-07-27 14:15,16,true
2026-07-27 14:30,19,true
2026-07-27 14:45,22,true
2026-07-27 15:00,24,true
2026-07-27 15:15,21,false
2026-07-27 15:30,15,false
2026-07-27 15:45,10,false
2026-07-27 16:00,5,false
2026-07-27 16:15,7,true
2026-07-27 16:30,9,true
2026-07-27 16:45,11,true
2026-07-27 17:00,13,true
2026-07-27 17:15,15,true
2026-07-27 17:30,17,true
2026-07-27 17:45,21,true
2026-07-27 18:00,25,true
2026-07-27 18:15,30,true
2026-07-27 18:30,35,true
2026-07-27 18:45,40,false
2026-07-27 19:15,34,false
2026-07-27 19:30,40,true
2026-07-27 19:45,63,true
2026-07-27 20:00,72,false
2026-07-27 20:15,70,false
2026-07-27 20:30,66,false
2026-07-27 20:45,63,false
2026-07-27 21:00,62,false
2026-07-27 21:15,59,false
2026-07-27 21:30,58,false
2026-07-27 21:45,55,false
2026-07-27 22:00,54,false
2026-07-27 22:15,51,false
2026-07-27 22:30,51,false
2026-07-27 22:45,50,false
2026-07-27 23:00,50,false
2026-07-27 23:15,50,false
2026-07-27 23:30,49,false
2026-07-27 23:45,48,false
2026-07-28 00:00,46,false
2026-07-28 00:15,45,false
2026-07-28 00:30,45,false
2026-07-28 00:45,43,false
2026-07-28 01:00,42,false
2026-07-28 01:15,37,false
2026-07-28 01:30,31,false
2026-07-28 01:45,34,true
2026-07-28 02:00,45,true
2026-07-28 02:15,55,true
2026-07-28 02:30,65,true
2026-07-28 02:45,73,true
2026-07-28 03:00,81,true
2026-07-28 03:15,87,true
2026-07-28 03:30,92,true
2026-07-28 03:45,96,true
2026-07-28 04:00,98,true
2026-07-28 04:15,100,true
2026-07-28 04:30,100,true
2026-07-28 04:45,100,false
2026-07-28 05:00,100,false
2026-07-28 05:15,100,false
2026-07-28 05:30,100,false
2026-07-28 05:45,100,false
2026-07-28 06:00,100,false
2026-07-28 06:15,100,false
2026-07-28 06:30,100,false
2026-07-28 06:45,100,false
2026-07-28 07:00,100,false
2026-07-28 07:15,100,false
2026-07-28 07:30,100,false
2026-07-28 07:45,100,false
2026-07-28 08:00,100,false
2026-07-28 08:15,100,false
2026-07-28 08:30,100,false
2026-07-28 08:45,100,false
2026-07-28 09:00,100,false
2026-07-28 09:15,100,false
2026-07-28 09:30,100,false
2026-07-28 09:45,100,false
2026-07-28 10:00,100,false
2026-07-28 10:15,97,false
2026-07-28 10:30,92,false
2026-07-28 10:45,88,false
2026-07-28 11:00,83,false
2026-07-28 11:15,77,false
2026-07-28 11:30,72,false
2026-07-28 11:45,67,false
2026-07-28 12:00,60,false
2026-07-28 12:15,66,true
2026-07-28 12:30,72,true
2026-07-28 12:45,80,true
2026-07-28 13:00,80,true
2026-07-28 13:15,86,true
2026-07-28 13:30,94,true
2026-07-28 13:45,98,true
2026-07-28 14:00,100,true
2026-07-28 14:15,100,true
2026-07-28 14:30,100,false
2026-07-28 14:45,100,false
2026-07-28 15:00,100,false
2026-07-28 15:15,100,false
2026-07-28 15:30,100,false
2026-07-28 15:45,100,false
2026-07-28 16:00,100,false
2026-07-28 16:15,100,false
2026-07-28 16:30,100,false
2026-07-28 16:45,99,false
2026-07-28 17:00,98,false
2026-07-28 17:15,97,false
2026-07-28 17:30,96,false
2026-07-28 17:45,95,false
2026-07-28 18:00,90,false
2026-07-28 18:15,82,false
2026-07-28 18:30,74,false
2026-07-28 18:45,67,false
2026-07-28 19:15,56,false
2026-07-28 19:30,48,false
2026-07-28 19:45,39,false
2026-07-28 20:00,31,false
2026-07-28 20:15,25,false
2026-07-28 20:30,19,false
2026-07-28 20:45,13,false
2026-07-28 21:00,7,false
2026-07-28 21:15,3,false
2026-07-28 21:45,10,false
2026-07-28 22:00,5,false
2026-07-28 22:15,21,true
2026-07-28 22:30,39,true
2026-07-28 22:45,55,true
2026-07-28 23:00,71,true
2026-07-28 23:15,80,true
2026-07-28 23:30,89,true
2026-07-28 23:45,94,true
2026-07-29 00:00,97,true
2026-07-29 00:15,99,true
2026-07-29 00:30,100,false
2026-07-29 00:45,100,false
2026-07-29 01:00,96,false
2026-07-29 01:15,95,false
2026-07-29 01:30,95,false
2026-07-29 01:45,95,false
2026-07-29 02:00,95,false
2026-07-29 02:15,95,false
2026-07-29 02:30,95,false
2026-07-29 02:45,95,false
2026-07-29 03:00,94,false
2026-07-29 03:15,94,false
2026-07-29 03:30,94,false
2026-07-29 03:45,94,false
2026-07-29 04:00,93,false
2026-07-29 04:15,93,false
2026-07-29 04:30,93,false
2026-07-29 04:45,92,false
2026-07-29 05:00,92,false
2026-07-29 05:15,92,false
2026-07-29 05:30,91,false
2026-07-29 05:45,91,false
2026-07-29 06:00,91,false
2026-07-29 06:15,91,false
2026-07-29 06:30,90,false
2026-07-29 06:45,90,false
2026-07-29 07:00,90,false
2026-07-29 07:15,89,false
2026-07-29 07:30,89,false
2026-07-29 07:45,89,false
2026-07-29 08:00,88,false
2026-07-29 08:15,88,false
2026-07-29 08:30,86,false
2026-07-29 08:45,80,false
2026-07-29 09:00,75,false
2026-07-29 09:15,72,false
2026-07-29 09:30,69,false
2026-07-29 09:45,66,false
2026-07-29 10:00,64,false
2026-07-29 10:15,62,false
2026-07-29 10:30,61,false
2026-07-29 10:45,57,false
2026-07-29 11:00,54,false
2026-07-29 11:15,51,false
2026-07-29 11:30,50,false
2026-07-29 11:45,49,false
2026-07-29 12:00,48,false
2026-07-29 12:15,47,false
2026-07-29 12:30,42,false
2026-07-29 12:45,37,false
2026-07-29 13:00,30,true
2026-07-29 13:15,26,false
2026-07-29 13:30,25,false
2026-07-29 13:45,24,false
2026-07-29 14:00,20,false
2026-07-29 14:15,17,false
2026-07-29 14:30,14,false
2026-07-29 14:45,8,false
2026-07-29 15:00,4,false
2026-07-29 15:15,1,false
2026-07-29 15:30,26,true
2026-07-29 15:45,45,true
2026-07-29 16:00,62,true
2026-07-29 16:15,71,false
2026-07-29 16:30,66,false
2026-07-29 16:45,58,false
2026-07-29 17:00,51,false
2026-07-29 17:15,45,false
2026-07-29 17:30,39,false
2026-07-29 17:45,36,false
2026-07-29 18:00,33,false
2026-07-29 18:15,32,false
2026-07-29 18:30,32,false
2026-07-29 18:45,32,false
2026-07-29 19:15,49,true
2026-07-29 19:30,67,false
2026-07-29 19:45,67,false
2026-07-29 20:00,65,false
2026-07-29 20:15,62,false
2026-07-29 20:30,59,false
2026-07-29 20:45,56,false
2026-07-29 21:00,53,false
2026-07-29 21:15,51,false
2026-07-29 21:30,48,false
2026-07-29 21:45,47,false
2026-07-29 22:00,45,false
2026-07-29 22:15,44,false
2026-07-29 22:30,44,false
2026-07-29 22:45,43,false
2026-07-29 23:00,43,false
2026-07-29 23:15,43,false
2026-07-29 23:30,38,false
2026-07-29 23:45,37,true
2026-07-30 00:00,61,true
2026-07-30 00:15,78,true
2026-07-30 00:30,89,true
2026-07-30 00:45,94,true
2026-07-30 01:00,97,true
2026-07-30 01:15,99,true
2026-07-30 01:30,100,true
2026-07-30 01:45,100,false
2026-07-30 02:00,100,false
2026-07-30 02:15,100,false
2026-07-30 02:30,100,false
2026-07-30 02:45,100,false
2026-07-30 03:00,100,false
2026-07-30 03:15,100,false
2026-07-30 03:30,100,false
2026-07-30 03:45,100,false
2026-07-30 04:00,100,false
2026-07-30 04:15,100,false
2026-07-30 04:30,100,false
2026-07-30 04:45,100,false
2026-07-30 05:00,100,false
2026-07-30 05:15,100,false
2026-07-30 05:30,100,false
2026-07-30 05:45,100,false
2026-07-30 06:00,100,false
2026-07-30 06:15,100,false
2026-07-30 06:30,100,false
2026-07-30 06:45,100,false
2026-07-30 07:00,100,false
2026-07-30 07:15,100,false
2026-07-30 07:30,100,false
2026-07-30 07:45,100,false
2026-07-30 08:00,100,false
2026-07-30 08:15,100,false
2026-07-30 08:30,100,false
2026-07-30 08:45,100,false
2026-07-30 09:00,100,false
2026-07-30 09:15,100,false
2026-07-30 09:30,100,false
2026-07-30 09:45,100,false
2026-07-30 10:00,100,false
2026-07-30 10:15,100,false
2026-07-30 10:30,100,false
2026-07-30 10:45,100,false
2026-07-30 11:00,100,false
2026-07-30 11:15,98,false
2026-07-30 11:30,91,false
2026-07-30 11:45,86,false
2026-07-30 12:00,83,false
2026-07-30 12:15,83,true
2026-07-30 12:30,83,true
2026-07-30 12:45,83,true
2026-07-30 13:00,83,true
2026-07-30 13:15,83,false
2026-07-30 13:30,77,false
2026-07-30 13:45,71,false
2026-07-30 14:00,64,false
2026-07-30 14:15,57,false
2026-07-30 14:30,54,false
2026-07-30 14:45,53,false
2026-07-30 15:00,53,false
2026-07-30 15:15,53,false
2026-07-30 15:30,53,false
2026-07-30 15:45,51,false
2026-07-30 16:00,49,false
2026-07-30 16:15,46,false
2026-07-30 16:30,45,false
2026-07-30 16:45,42,false
2026-07-30 17:00,41,false
2026-07-30 17:15,40,false
2026-07-30 17:30,39,false
2026-07-30 17:45,41,true
2026-07-30 18:00,59,false
2026-07-30 18:15,58,false
2026-07-30 18:31,56,false
2026-07-30 18:45,57,true
2026-07-30 19:15,86,true
2026-07-30 19:30,93,true
2026-07-30 19:45,96,false
2026-07-30 20:00,96,false
2026-07-30 20:15,95,false
2026-07-30 20:30,91,false
2026-07-30 20:45,88,false
2026-07-30 21:00,87,false
2026-07-30 21:15,85,false
2026-07-30 21:30,83,false
2026-07-30 21:45,82,false
2026-07-30 22:00,81,false
2026-07-30 22:15,79,false
2026-07-30 22:30,74,false
2026-07-30 22:45,70,false
2026-07-30 23:00,67,false
2026-07-30 23:15,66,false
2026-07-30 23:30,66,false
2026-07-30 23:45,66,false
2026-07-31 00:00,61,false
2026-07-31 00:15,58,false
2026-07-31 00:30,53,false
2026-07-31 00:45,49,false
2026-07-31 01:00,44,false
2026-07-31 01:15,41,false
2026-07-31 01:30,37,false
2026-07-31 01:45,36,false
2026-07-31 02:00,36,false
2026-07-31 02:15,36,false
2026-07-31 02:30,36,false
2026-07-31 02:45,36,false
2026-07-31 03:00,36,false
2026-07-31 03:15,36,false
2026-07-31 03:30,36,false
2026-07-31 03:45,36,false
2026-07-31 04:00,35,false
2026-07-31 04:15,35,false
2026-07-31 04:30,34,false
2026-07-31 04:45,34,false
2026-07-31 05:00,34,false
2026-07-31 05:15,34,false
2026-07-31 05:30,34,false
2026-07-31 05:45,33,false
2026-07-31 06:00,33,false
2026-07-31 06:15,32,false
2026-07-31 06:30,32,false
2026-07-31 06:45,32,false
2026-07-31 07:00,32,false
2026-07-31 07:15,31,false
2026-07-31 07:30,31,false
2026-07-31 07:45,31,false
2026-07-31 08:00,30,false
2026-07-31 08:15,29,false
2026-07-31 08:30,26,false
2026-07-31 08:45,23,false
2026-07-31 09:00,17,false
2026-07-31 09:15,12,false
2026-07-31 09:30,7,false
2026-07-31 09:45,3,false
2026-07-31 10:00,7,true
2026-07-31 10:15,37,true
2026-07-31 10:30,60,false
2026-07-31 10:45,56,false
2026-07-31 11:01,55,false
2026-07-31 11:15,54,false
2026-07-31 11:30,53,false
2026-07-31 11:45,49,false
2026-07-31 12:00,43,false
2026-07-31 12:15,38,false
2026-07-31 12:30,34,false
2026-07-31 12:45,31,false
2026-07-31 13:00,29,false
2026-07-31 13:15,27,false
2026-07-31 13:30,27,false
2026-07-31 13:45,25,false
2026-07-31 14:00,23,false
2026-07-31 14:15,22,false
2026-07-31 14:30,19,false
2026-07-31 14:45,15,false
2026-07-31 15:00,14,false
2026-07-31 15:15,11,false
2026-07-31 15:30,11,false
2026-07-31 15:45,10,false
2026-07-31 16:00,10,false
2026-07-31 16:15,9,false
2026-07-31 16:30,7,false
2026-07-31 16:45,6,false
2026-07-31 17:00,6,false
2026-07-31 17:15,6,false
2026-07-31 17:30,4,false
2026-07-31 17:45,4,false
2026-07-31 18:00,3,false
2026-07-31 18:15,3,false
2026-07-31 18:30,3,false
2026-07-31 18:45,3,false
2026-07-31 19:15,7,false
2026-07-31 19:30,9,true
2026-07-31 19:45,39,true
2026-07-31 20:00,62,true
2026-07-31 20:15,71,false
2026-07-31 20:30,71,false
2026-07-31 20:45,71,false
2026-07-31 21:00,69,false
2026-07-31 21:15,67,false
2026-07-31 21:30,65,false
2026-07-31 21:45,62,false
2026-07-31 22:00,60,false
2026-07-31 22:15,59,false
2026-07-31 22:30,59,false
2026-07-31 22:45,58,false
2026-07-31 23:00,55,false
2026-07-31 23:15,53,false
2026-07-31 23:30,53,false
2026-07-31 23:45,52,false
2026-08-01 00:00,49,false
2026-08-01 00:15,49,false
2026-08-01 00:30,46,false
2026-08-01 00:45,46,false
2026-08-01 01:00,46,false
2026-08-01 01:15,46,true
2026-08-01 01:30,47,true
2026-08-01 01:45,49,true
2026-08-01 02:00,51,true
2026-08-01 02:15,52,true
2026-08-01 02:30,54,true
2026-08-01 02:45,55,true
2026-08-01 03:00,57,true
2026-08-01 03:15,58,true
2026-08-01 03:30,59,true
2026-08-01 03:45,60,true
2026-08-01 04:00,62,true
2026-08-01 04:15,63,true
2026-08-01 04:30,65,true
2026-08-01 04:45,66,true
2026-08-01 05:00,66,true
2026-08-01 05:15,67,true
2026-08-01 05:30,68,true
2026-08-01 05:45,69,true
2026-08-01 06:00,70,true
2026-08-01 06:15,70,true
2026-08-01 06:30,71,true
2026-08-01 06:45,72,true
2026-08-01 07:00,73,true
2026-08-01 07:15,73,true
2026-08-01 07:30,74,true
2026-08-01 07:45,75,true
2026-08-01 08:00,75,true
2026-08-01 08:15,76,true
2026-08-01 08:30,76,true
2026-08-01 08:45,77,true
2026-08-01 09:00,76,false
2026-08-01 09:15,76,false
2026-08-01 09:30,74,false
2026-08-01 09:45,68,false
2026-08-01 10:00,63,false
2026-08-01 10:15,57,false
2026-08-01 10:30,54,false
2026-08-01 10:45,51,false
2026-08-01 11:00,45,false
2026-08-01 11:15,40,false
2026-08-01 11:30,35,false
2026-08-01 11:45,31,false
2026-08-01 12:00,26,false
2026-08-01 12:15,19,false
2026-08-01 12:30,29,true
2026-08-01 12:45,49,true
2026-08-01 13:00,68,true
2026-08-01 13:15,76,false
2026-08-01 13:30,76,false
2026-08-01 13:45,76,false
2026-08-01 14:00,76,false
2026-08-01 14:15,75,false
2026-08-01 14:30,74,false
2026-08-01 14:45,72,false
2026-08-01 15:00,71,false
2026-08-01 15:15,70,false
2026-08-01 15:30,69,false
2026-08-01 15:45,68,false
2026-08-01 16:00,66,false
2026-08-01 16:15,64,false
2026-08-01 16:30,59,false
2026-08-01 16:45,52,false
2026-08-01 17:00,45,false
2026-08-01 17:15,41,false
2026-08-01 17:30,40,false
2026-08-01 17:45,39,false
2026-08-01 18:00,37,false
2026-08-01 18:15,37,false
2026-08-01 18:30,35,true
2026-08-01 18:45,42,true
2026-08-01 19:15,45,false
2026-08-01 19:30,43,false
2026-08-01 19:45,43,false
2026-08-01 20:00,40,false
2026-08-01 20:15,38,false
2026-08-01 20:30,35,false
2026-08-01 20:45,32,false
2026-08-01 21:00,30,false
2026-08-01 21:15,27,false
2026-08-01 21:30,24,false
2026-08-01 21:45,20,false
2026-08-01 22:00,17,false
2026-08-01 22:15,14,false
2026-08-01 22:30,11,false
2026-08-01 22:45,6,true
2026-08-01 23:00,10,true
2026-08-01 23:15,13,true
2026-08-01 23:30,17,true
2026-08-01 23:45,20,false
2026-08-02 00:00,14,false
2026-08-02 00:15,12,false
2026-08-02 00:30,11,false
2026-08-02 00:45,11,true
2026-08-02 01:00,15,true
2026-08-02 01:15,18,true
2026-08-02 01:30,21,true
2026-08-02 01:45,25,true
2026-08-02 02:00,27,true
2026-08-02 02:15,30,true
2026-08-02 02:30,32,true
2026-08-02 02:45,34,true
2026-08-02 03:00,36,true
2026-08-02 03:15,38,true
2026-08-02 03:30,40,true
2026-08-02 03:45,42,true
2026-08-02 04:00,44,true
2026-08-02 04:15,46,true
2026-08-02 04:30,48,true
2026-08-02 04:45,50,true
2026-08-02 05:00,52,true
2026-08-02 05:15,53,true
2026-08-02 05:30,55,true
2026-08-02 05:45,57,true
2026-08-02 06:00,58,true
2026-08-02 06:15,60,true
2026-08-02 06:30,61,true
2026-08-02 06:45,63,true
2026-08-02 07:00,64,true
2026-08-02 07:15,65,true
2026-08-02 07:30,67,true
2026-08-02 07:45,67,true
2026-08-02 08:00,68,true
2026-08-02 08:15,69,true
2026-08-02 08:30,70,true
2026-08-02 08:45,71,true
2026-08-02 09:00,72,true
2026-08-02 09:15,72,true
2026-08-02 09:30,73,false
2026-08-02 09:45,72,false
2026-08-02 10:00,67,false
2026-08-02 10:15,62,false
2026-08-02 10:45,47,false
2026-08-02 11:00,39,false
2026-08-02 11:15,35,false
2026-08-02 11:30,31,false
2026-08-02 11:45,26,false
2026-08-02 12:00,16,false
2026-08-02 12:15,10,false
2026-08-02 12:30,5,false
2026-08-02 12:45,25,true
2026-08-02 13:00,40,true
2026-08-02 13:15,40,false
2026-08-02 13:30,33,false
2026-08-02 13:45,32,false
2026-08-02 14:00,30,false
2026-08-02 14:15,28,false
2026-08-02 14:30,26,false
2026-08-02 14:45,23,false
2026-08-02 15:00,21,false
2026-08-02 15:15,19,false
2026-08-02 15:30,19,false
2026-08-02 15:45,16,false
2026-08-02 16:00,15,false
2026-08-02 16:15,9,false
2026-08-02 16:30,6,false
2026-08-02 16:45,7,true
2026-08-02 17:00,11,true
2026-08-02 17:15,16,true
2026-08-02 17:30,17,false
2026-08-02 17:45,15,false
2026-08-02 18:00,15,false
2026-08-02 18:15,14,false
2026-08-02 18:30,14,false
2026-08-02 18:45,14,false
2026-08-02 19:15,9,false
2026-08-02 19:30,9,false
2026-08-02 19:46,8,false
2026-08-02 20:02,6,false
2026-08-02 20:15,6,false
2026-08-02 20:30,5,false
2026-08-02 20:45,4,true
2026-08-02 21:00,10,true
2026-08-02 21:15,15,true
2026-08-02 21:30,21,true
2026-08-02 21:45,30,true
2026-08-02 22:00,51,true
2026-08-02 22:15,61,false
2026-08-02 22:30,61,false
2026-08-02 22:45,59,false
2026-08-02 23:00,57,false
2026-08-02 23:15,55,false
2026-08-02 23:30,52,false
2026-08-02 23:45,50,false
2026-08-03 00:00,45,false
2026-08-03 00:15,43,false
2026-08-03 00:30,42,false
2026-08-03 00:45,40,false
2026-08-03 01:00,40,false
2026-08-03 01:15,36,false
2026-08-03 01:30,31,false
2026-08-03 01:45,30,false
2026-08-03 02:00,29,false
2026-08-03 02:15,29,false
2026-08-03 02:30,29,false
2026-08-03 02:45,28,false
2026-08-03 03:00,28,false
2026-08-03 03:15,29,true
2026-08-03 03:30,33,true
2026-08-03 03:45,36,true
2026-08-03 04:00,39,true
2026-08-03 04:15,43,true
2026-08-03 04:30,46,true
2026-08-03 04:45,49,true
2026-08-03 05:00,51,true
2026-08-03 05:15,53,true
2026-08-03 05:30,55,true
2026-08-03 05:45,57,true
2026-08-03 06:00,58,true
2026-08-03 06:15,60,true
2026-08-03 06:30,61,true
2026-08-03 06:45,63,true
2026-08-03 07:00,64,true
2026-08-03 07:15,65,true
2026-08-03 07:30,66,true
2026-08-03 07:45,68,true
2026-08-03 08:00,68,true
2026-08-03 08:15,69,true
2026-08-03 08:30,69,true
2026-08-03 08:45,70,true
2026-08-03 09:00,67,false
2026-08-03 09:15,74,true
2026-08-03 09:30,80,true
2026-08-03 09:45,80,true
2026-08-03 10:00,80,true
2026-08-03 10:15,80,false
2026-08-03 10:30,76,false
2026-08-03 10:45,73,false
2026-08-03 11:00,71,false
2026-08-03 11:15,70,false
2026-08-03 11:30,70,false
2026-08-03 11:45,69,false
2026-08-03 12:00,68,false
2026-08-03 12:15,67,false
2026-08-03 12:30,67,false
2026-08-03 12:45,66,false
2026-08-03 13:00,65,false
2026-08-03 13:15,65,false
2026-08-03 13:30,64,false
2026-08-03 13:45,64,false
2026-08-03 14:00,59,false
2026-08-03 14:15,52,false
2026-08-03 14:30,44,false
2026-08-03 14:45,43,false
2026-08-03 15:00,40,false
2026-08-03 15:15,38,false
2026-08-03 15:30,38,false
2026-08-03 15:45,37,false
2026-08-03 16:00,35,false
2026-08-03 16:15,35,false
2026-08-03 16:30,33,false
2026-08-03 16:45,32,false
2026-08-03 17:00,31,false
2026-08-03 17:15,30,false
2026-08-03 17:30,26,false
2026-08-03 17:45,22,false
2026-08-03 18:00,19,false
2026-08-03 18:15,13,false
2026-08-03 18:30,13,false
2026-08-03 18:45,10,false
2026-08-03 19:15,32,true
2026-08-03 19:30,54,false
2026-08-03 19:45,54,false
2026-08-03 20:00,51,false
2026-08-03 20:15,49,false
2026-08-03 20:30,46,false
2026-08-03 20:45,44,false
2026-08-03 21:00,42,false
2026-08-03 21:15,40,false
2026-08-03 21:30,38,false
2026-08-03 21:45,31,false
2026-08-03 22:00,30,false
2026-08-03 22:15,29,false
2026-08-03 22:30,29,false
2026-08-03 22:45,28,false
2026-08-03 23:00,27,false
2026-08-03 23:15,23,false
2026-08-03 23:30,20,false
2026-08-03 23:45,20,false
2026-08-04 00:00,19,false
2026-08-04 00:15,13,false
2026-08-04 00:30,12,false
2026-08-04 00:45,10,false
2026-08-04 01:00,7,false
2026-08-04 01:15,18,true
2026-08-04 01:30,44,true
2026-08-04 01:45,64,true
2026-08-04 02:00,79,true
2026-08-04 02:15,88,true
2026-08-04 02:30,92,true
2026-08-04 02:45,95,true
2026-08-04 03:00,96,true
2026-08-04 03:15,100,true
2026-08-04 03:30,100,false
2026-08-04 03:45,100,false
2026-08-04 04:00,100,false
2026-08-04 04:15,100,false
2026-08-04 04:30,100,false
2026-08-04 04:45,100,false
2026-08-04 05:00,100,false
2026-08-04 05:15,100,false
2026-08-04 05:30,100,false
2026-08-04 05:45,100,false
2026-08-04 06:00,100,false
2026-08-04 06:15,100,false
2026-08-04 06:30,100,false
2026-08-04 06:45,100,false
2026-08-04 07:00,100,false
2026-08-04 07:15,100,false
2026-08-04 07:30,100,false
2026-08-04 07:45,100,false
2026-08-04 08:00,100,false
2026-08-04 08:15,100,false
2026-08-04 08:30,100,false
2026-08-04 08:45,100,false
2026-08-04 09:00,100,false
2026-08-04 09:15,97,false
2026-08-04 09:30,94,false
2026-08-04 09:45,90,false
2026-08-04 10:00,87,false
2026-08-04 10:15,85,false
2026-08-04 10:30,84,false
2026-08-04 10:45,81,false
2026-08-04 11:00,80,false
2026-08-04 11:15,79,false
2026-08-04 11:30,77,false
2026-08-04 11:45,76,false
2026-08-04 12:00,75,false
2026-08-04 12:15,74,false
2026-08-04 12:30,72,false
2026-08-04 12:45,70,false
2026-08-04 13:00,69,false
2026-08-04 13:15,68,false
2026-08-04 13:30,67,false
2026-08-04 13:45,65,false
2026-08-04 14:00,64,false
2026-08-04 14:15,63,false
2026-08-04 14:30,61,false
2026-08-04 14:45,60,false
2026-08-04 15:00,59,false
2026-08-04 15:15,58,false
2026-08-04 15:30,56,false
2026-08-04 15:45,53,false
2026-08-04 16:00,46,false
2026-08-04 16:15,40,false
2026-08-04 16:30,35,false
2026-08-04 16:45,32,false
2026-08-04 17:00,36,true
2026-08-04 17:15,61,true
2026-08-04 17:30,78,true
2026-08-04 17:45,88,true
2026-08-04 18:00,95,true
2026-08-04 18:15,98,true
2026-08-04 18:30,99,true
2026-08-04 18:45,100,true
2026-08-04 19:15,100,false
2026-08-04 19:30,100,false
2026-08-04 19:46,98,false
2026-08-04 20:00,96,false
2026-08-04 20:15,94,false
2026-08-04 20:30,93,false
2026-08-04 20:45,91,false
2026-08-04 21:00,88,false
2026-08-04 21:15,86,false
2026-08-04 21:30,84,false
2026-08-04 21:45,79,false
2026-08-04 22:00,76,false
2026-08-04 22:15,71,false
2026-08-04 22:30,63,false
2026-08-04 22:45,61,false
2026-08-04 23:00,61,false
2026-08-04 23:15,60,false
2026-08-04 23:30,58,false
2026-08-04 23:45,57,false
2026-08-05 00:00,54,false
2026-08-05 00:15,51,false
2026-08-05 00:30,49,false
2026-08-05 00:45,44,false
2026-08-05 01:00,39,false
2026-08-05 01:15,30,false
2026-08-05 01:30,24,false
2026-08-05 01:45,23,false
2026-08-05 02:00,23,false
2026-08-05 02:15,23,false
2026-08-05 02:30,22,false
2026-08-05 02:45,22,false
2026-08-05 03:00,22,false
2026-08-05 03:15,20,false
2026-08-05 03:30,20,false
2026-08-05 03:45,20,false
2026-08-05 04:00,19,false
2026-08-05 04:15,19,false
2026-08-05 04:30,19,false
2026-08-05 04:45,18,false
2026-08-05 05:00,18,false
2026-08-05 05:15,18,false
2026-08-05 05:30,18,false
2026-08-05 05:45,18,false
2026-08-05 06:00,17,false
2026-08-05 06:15,17,false
2026-08-05 06:30,17,false
2026-08-05 06:45,17,false
2026-08-05 07:00,16,false
2026-08-05 07:15,16,false
2026-08-05 07:30,16,false
2026-08-05 07:45,15,false
2026-08-05 08:00,15,false
2026-08-05 08:15,14,false
2026-08-05 08:30,12,false
2026-08-05 08:45,9,false
2026-08-05 09:00,6,false
2026-08-05 09:15,5,false
2026-08-05 09:30,4,true
2026-08-05 09:45,25,true
2026-08-05 10:00,32,true
2026-08-05 10:15,38,true
2026-08-05 10:30,40,false
2026-08-05 10:45,33,false
2026-08-05 11:00,26,false
2026-08-05 11:15,20,false
2026-08-05 11:30,16,false
2026-08-05 11:45,11,false
2026-08-05 12:00,5,false
2026-08-05 12:15,3,false
2026-08-05 12:30,6,true
2026-08-05 12:45,35,true
2026-08-05 13:00,38,false
2026-08-05 13:15,36,false
2026-08-05 13:30,35,false
2026-08-05 13:45,34,false
2026-08-05 14:00,31,false
2026-08-05 14:15,29,false
2026-08-05 14:30,28,false
2026-08-05 14:45,25,false
2026-08-05 15:00,24,false
2026-08-05 15:15,17,false
2026-08-05 15:30,14,false
2026-08-05 15:45,8,false
2026-08-05 16:00,3,false
2026-08-05 16:15,18,true
2026-08-05 16:30,44,true
2026-08-05 16:45,65,true
2026-08-05 17:00,80,true
2026-08-05 17:15,78,false
2026-08-05 17:30,69,false
2026-08-05 17:45,67,false
2026-08-05 18:00,63,false
2026-08-05 18:15,60,false
2026-08-05 18:30,60,false
2026-08-05 18:45,59,false
2026-08-05 19:15,58,false
2026-08-05 19:30,58,false
2026-08-05 19:45,56,false
2026-08-05 20:00,53,false
2026-08-05 20:15,51,false
2026-08-05 20:30,51,false
2026-08-05 20:45,48,false
2026-08-05 21:00,45,false
2026-08-05 21:15,44,false
2026-08-05 21:30,40,false
2026-08-05 21:45,37,false
2026-08-05 22:00,33,false
2026-08-05 22:15,30,false
2026-08-05 22:30,27,false
2026-08-05 22:45,27,false
2026-08-05 23:00,26,false
2026-08-05 23:15,26,false
2026-08-05 23:30,23,false
2026-08-05 23:45,15,false
2026-08-06 00:00,15,false
2026-08-06 00:15,15,false
2026-08-06 00:30,15,false
2026-08-06 00:45,15,false
2026-08-06 01:00,20,true
2026-08-06 01:15,26,true
2026-08-06 01:30,33,true
2026-08-06 01:45,39,true
2026-08-06 02:00,46,true
2026-08-06 02:15,52,true
2026-08-06 02:30,57,true
2026-08-06 02:45,62,true
2026-08-06 03:00,67,true
2026-08-06 03:15,71,true
2026-08-06 03:30,75,true
2026-08-06 03:45,79,true
2026-08-06 04:00,83,true
2026-08-06 04:15,86,true
2026-08-06 04:30,89,true
2026-08-06 04:45,92,true
2026-08-06 05:00,94,true
2026-08-06 05:15,96,true
2026-08-06 05:30,100,true
2026-08-06 05:45,100,false
2026-08-06 06:00,100,false
2026-08-06 06:15,100,false
2026-08-06 06:30,100,false
2026-08-06 06:45,100,false
2026-08-06 07:00,100,false
2026-08-06 07:15,100,false
2026-08-06 07:30,100,false
2026-08-06 07:45,100,false
2026-08-06 08:00,100,false
2026-08-06 08:15,100,false
2026-08-06 08:30,100,false
2026-08-06 08:45,100,false
2026-08-06 09:00,100,false
2026-08-06 09:15,100,false
2026-08-06 09:30,97,false
2026-08-06 09:45,91,false
2026-08-06 10:00,87,false
2026-08-06 10:15,81,false
2026-08-06 10:30,76,false
2026-08-06 10:45,71,false
2026-08-06 11:00,65,false
2026-08-06 11:15,60,false
2026-08-06 11:30,57,false
2026-08-06 11:45,56,false
2026-08-06 12:00,55,false
2026-08-06 12:15,55,false
2026-08-06 12:30,51,false
2026-08-06 12:45,49,false
2026-08-06 13:00,44,false
2026-08-06 13:15,41,false
2026-08-06 13:30,34,false
2026-08-06 13:45,29,false
2026-08-06 14:00,25,false
2026-08-06 14:15,22,false
2026-08-06 14:30,19,false
2026-08-06 14:45,16,false
2026-08-06 15:00,13,false
2026-08-06 15:15,10,false
2026-08-06 15:30,7,false
2026-08-06 15:45,4,false
2026-08-06 16:00,3,false
2026-08-06 16:15,2,false
2026-08-06 16:30,4,true
2026-08-06 16:45,11,true
2026-08-06 17:00,17,true
2026-08-06 17:15,22,true
2026-08-06 17:30,28,true
2026-08-06 17:45,32,true
2026-08-06 18:00,38,true
2026-08-06 18:15,44,true
2026-08-06 18:30,49,true
2026-08-06 18:45,53,false
2026-08-06 19:15,47,false
2026-08-06 19:30,43,false
2026-08-06 19:45,43,false
2026-08-06 20:00,40,false
2026-08-06 20:15,38,false
2026-08-06 20:30,37,false
2026-08-06 20:45,36,false
2026-08-06 21:00,31,false
2026-08-06 21:15,28,false
2026-08-06 21:30,25,false
2026-08-06 21:45,22,false
2026-08-06 22:00,19,false
2026-08-06 22:15,15,false
2026-08-06 22:30,14,false
2026-08-06 22:45,11,false
2026-08-06 23:00,6,false
2026-08-06 23:15,2,false
2026-08-06 23:30,16,true
2026-08-06 23:45,33,true
2026-08-07 00:00,48,true
2026-08-07 00:15,63,true
2026-08-07 00:30,76,true
2026-08-07 00:45,86,true
2026-08-07 01:00,93,true
2026-08-07 01:15,96,true
2026-08-07 01:30,98,true
2026-08-07 01:45,100,true
2026-08-07 02:00,100,false
2026-08-07 02:15,100,false
2026-08-07 02:30,100,false
2026-08-07 02:45,100,false
2026-08-07 03:00,100,false
2026-08-07 03:15,100,false
2026-08-07 03:30,100,false
2026-08-07 03:45,100,false
2026-08-07 04:00,100,false
2026-08-07 04:15,100,false
2026-08-07 04:30,100,false
2026-08-07 04:45,100,false
2026-08-07 05:00,100,false
2026-08-07 05:15,100,false
2026-08-07 05:30,100,false
2026-08-07 05:45,100,false
2026-08-07 06:00,100,false
2026-08-07 06:15,100,false
2026-08-07 06:30,100,false
2026-08-07 06:45,100,false
2026-08-07 07:00,100,false
2026-08-07 07:15,100,false
2026-08-07 07:30,100,false
2026-08-07 07:45,100,false
2026-08-07 08:00,100,false
2026-08-07 08:15,100,false
2026-08-07 08:30,97,false
2026-08-07 08:45,93,false
2026-08-07 09:00,87,false
2026-08-07 09:15,81,false
2026-08-07 09:30,75,false
2026-08-07 09:45,75,false
2026-08-07 10:00,71,false
2026-08-07 10:15,66,false
2026-08-07 10:30,59,false
2026-08-07 10:45,56,false
2026-08-07 11:00,52,false
2026-08-07 11:15,48,false
2026-08-07 11:30,45,false
2026-08-07 11:45,40,false
2026-08-07 12:00,36,false
2026-08-07 12:15,33,false
2026-08-07 12:30,31,false
2026-08-07 12:45,28,false
2026-08-07 13:00,25,false
2026-08-07 13:15,23,false
2026-08-07 13:30,18,false
2026-08-07 13:45,15,false
2026-08-07 14:00,12,false
2026-08-07 14:15,7,false
2026-08-07 14:30,4,false
2026-08-07 14:45,6,true
2026-08-07 15:00,10,true
2026-08-07 15:15,14,true
2026-08-07 15:30,19,true
2026-08-07 15:45,23,true
2026-08-07 16:00,27,true
2026-08-07 16:15,31,true
2026-08-07 16:30,34,true
2026-08-07 16:45,37,true
2026-08-07 17:00,41,true
2026-08-07 17:15,44,true
2026-08-07 17:30,47,true
2026-08-07 17:45,47,false
2026-08-07 18:00,46,false
2026-08-07 18:15,45,false
2026-08-07 18:30,41,false
2026-08-07 18:45,38,false
2026-08-07 19:15,31,false
2026-08-07 19:30,27,false
2026-08-07 19:45,23,false
2026-08-07 20:00,19,false
2026-08-07 20:15,15,false
2026-08-07 20:30,11,false
2026-08-07 20:46,6,false
2026-08-07 21:00,3,false
2026-08-07 21:15,4,false
2026-08-07 21:30,1,false
2026-08-07 21:45,14,true
2026-08-07 22:00,42,true
2026-08-07 22:15,54,false
2026-08-07 22:30,51,false
2026-08-07 22:45,48,false
2026-08-07 23:00,46,false
2026-08-07 23:15,44,false
2026-08-07 23:32,41,false
2026-08-07 23:45,40,false
2026-08-08 00:00,36,false
2026-08-08 00:15,38,true
2026-08-08 00:30,48,true
2026-08-08 00:45,57,true
2026-08-08 01:00,66,true
2026-08-08 01:15,73,true
2026-08-08 01:30,80,true
2026-08-08 01:45,86,true
2026-08-08 02:00,92,true
2026-08-08 02:15,95,true
2026-08-08 02:30,97,true
2026-08-08 02:45,99,true
2026-08-08 03:00,100,true
2026-08-08 03:15,100,false
2026-08-08 03:30,100,false
2026-08-08 03:45,100,false
2026-08-08 04:00,100,false
2026-08-08 04:15,100,false
2026-08-08 04:30,100,false
2026-08-08 04:45,100,false
2026-08-08 05:00,100,false
2026-08-08 05:15,100,false
2026-08-08 05:30,100,false
2026-08-08 05:45,100,false
2026-08-08 06:00,100,false
2026-08-08 06:15,100,false
2026-08-08 06:30,100,false
2026-08-08 06:45,100,false
2026-08-08 07:00,100,false
2026-08-08 07:15,100,false
2026-08-08 07:30,100,false
2026-08-08 07:45,100,false
2026-08-08 08:00,100,false
2026-08-08 08:15,100,false
2026-08-08 08:30,100,false
2026-08-08 08:45,96,false
2026-08-08 09:00,93,false
2026-08-08 09:15,91,false
2026-08-08 09:30,89,false
2026-08-08 09:45,85,false
2026-08-08 10:00,81,false
2026-08-08 10:15,78,false
2026-08-08 10:30,73,false
2026-08-08 10:45,70,false
2026-08-08 11:00,70,false
2026-08-08 11:15,70,false
2026-08-08 11:30,69,false
2026-08-08 11:45,69,false
2026-08-08 12:00,69,false
2026-08-08 12:15,69,false
2026-08-08 12:30,65,false
2026-08-08 12:45,60,false
2026-08-08 13:00,56,false
2026-08-08 13:15,54,false
2026-08-08 13:30,52,false
2026-08-08 13:45,51,false
2026-08-08 14:00,51,false
2026-08-08 14:15,51,false
2026-08-08 14:30,51,false
2026-08-08 14:45,50,false
2026-08-08 15:00,50,false
2026-08-08 15:15,48,false
2026-08-08 15:30,48,false
2026-08-08 15:45,47,false
2026-08-08 16:00,47,false
2026-08-08 16:15,44,false
2026-08-08 16:30,41,false
2026-08-08 16:45,39,false
2026-08-08 17:00,37,false
2026-08-08 17:15,33,false
2026-08-08 17:30,33,false
2026-08-08 17:45,33,false
2026-08-08 18:00,33,false
2026-08-08 18:15,32,false
2026-08-08 18:30,28,false
2026-08-08 18:45,25,false
2026-08-08 19:15,55,true
2026-08-08 19:30,74,true
2026-08-08 19:45,80,false
2026-08-08 20:00,79,false
2026-08-08 20:15,77,false
2026-08-08 20:30,76,false
2026-08-08 20:45,74,false
2026-08-08 21:00,71,false
2026-08-08 21:15,68,false
2026-08-08 21:30,64,false
2026-08-08 21:45,60,false
2026-08-08 22:00,54,false
2026-08-08 22:15,49,false
2026-08-08 22:30,45,false
2026-08-08 22:45,43,false
2026-08-08 23:00,40,false
2026-08-08 23:15,37,true
2026-08-08 23:30,50,true
2026-08-08 23:45,64,true
2026-08-09 00:00,75,true
2026-08-09 00:15,85,true
2026-08-09 00:30,92,true
2026-08-09 00:45,96,true
2026-08-09 01:00,99,true
2026-08-09 01:15,100,true
2026-08-09 01:30,100,true
2026-08-09 01:45,100,false
2026-08-09 02:00,100,false
2026-08-09 02:15,100,false
2026-08-09 02:30,100,false
2026-08-09 02:45,100,false
2026-08-09 03:00,100,false
2026-08-09 03:15,100,false
2026-08-09 03:30,100,false
2026-08-09 03:45,100,false
2026-08-09 04:00,100,false
2026-08-09 04:15,100,false
2026-08-09 04:30,100,false
2026-08-09 04:45,100,false
2026-08-09 05:00,100,false
2026-08-09 05:15,100,false
2026-08-09 05:30,100,false
2026-08-09 05:45,100,false
2026-08-09 06:00,100,false
2026-08-09 06:15,100,false
2026-08-09 06:30,100,false
2026-08-09 06:45,100,false
2026-08-09 07:00,100,false
2026-08-09 07:15,100,false
2026-08-09 07:30,100,false
2026-08-09 07:45,100,false
2026-08-09 08:00,99,false
2026-08-09 08:15,93,false
2026-08-09 08:30,91,false
2026-08-09 08:45,87,false
2026-08-09 09:00,81,false
2026-08-09 09:15,77,false
2026-08-09 09:30,74,false
2026-08-09 09:45,70,false
2026-08-09 10:00,67,false
2026-08-09 10:15,64,false
2026-08-09 10:30,60,false
2026-08-09 10:45,57,false
2026-08-09 11:00,54,false
2026-08-09 11:15,50,false
2026-08-09 11:30,46,false
2026-08-09 11:45,43,false
2026-08-09 12:00,40,false
2026-08-09 12:15,36,false
2026-08-09 12:30,33,false
2026-08-09 12:45,30,false
2026-08-09 13:00,27,false
2026-08-09 13:15,23,false
2026-08-09 13:30,20,false
2026-08-09 13:45,23,true
2026-08-09 14:00,29,true
2026-08-09 14:15,34,true
2026-08-09 14:30,39,true
2026-08-09 14:45,44,true
2026-08-09 15:00,49,true
2026-08-09 15:15,53,true
2026-08-09 15:30,57,true
2026-08-09 15:45,59,true
2026-08-09 16:00,61,true
2026-08-09 16:15,63,true
2026-08-09 16:30,64,true
2026-08-09 16:45,65,true
2026-08-09 17:00,65,true
2026-08-09 17:15,66,true
2026-08-09 17:30,69,true
2026-08-09 17:45,73,true
2026-08-09 18:00,76,true
2026-08-09 18:15,78,false
2026-08-09 18:30,78,false
2026-08-09 18:45,78,false
2026-08-09 19:15,78,false
2026-08-09 19:30,78,false
2026-08-09 19:45,77,false
2026-08-09 20:00,75,false
2026-08-09 20:15,74,false
2026-08-09 20:30,70,false
2026-08-09 20:45,66,false
2026-08-09 21:00,63,false
2026-08-09 21:15,60,false
2026-08-09 21:30,58,false
2026-08-09 21:45,55,false
2026-08-09 22:00,52,false
2026-08-09 22:15,48,false
2026-08-09 22:30,46,false
2026-08-09 22:45,43,false
2026-08-09 23:00,40,false
2026-08-09 23:15,35,false
2026-08-09 23:30,31,false
2026-08-09 23:45,26,true
2026-08-10 00:00,42,true
2026-08-10 00:15,58,true
2026-08-10 00:30,71,true
2026-08-10 00:45,83,true
2026-08-10 01:00,92,true
2026-08-10 01:15,97,true
2026-08-10 01:30,100,true
2026-08-10 01:45,100,true
2026-08-10 02:00,100,true
2026-08-10 02:15,100,false
2026-08-10 02:30,100,false
2026-08-10 02:45,100,false
2026-08-10 03:00,100,false
2026-08-10 03:15,100,false
2026-08-10 03:30,100,false
2026-08-10 03:45,100,false
2026-08-10 04:00,100,false
2026-08-10 04:15,100,false
2026-08-10 04:30,100,false
2026-08-10 04:45,100,false
2026-08-10 05:00,100,false
2026-08-10 05:15,100,false
2026-08-10 05:30,100,false
2026-08-10 05:45,100,false
2026-08-10 06:00,100,false
2026-08-10 06:15,100,false
2026-08-10 06:30,100,false
2026-08-10 06:45,100,false
2026-08-10 07:00,100,false
2026-08-10 07:15,100,false
2026-08-10 07:30,99,false
2026-08-10 07:45,96,false
2026-08-10 08:00,95,false
2026-08-10 08:15,95,false
2026-08-10 08:30,93,false
2026-08-10 08:45,91,false
2026-08-10 09:00,90,false
2026-08-10 09:15,88,false
2026-08-10 09:30,83,false
2026-08-10 09:45,80,false
2026-08-10 10:00,75,false
2026-08-10 10:15,74,false
2026-08-10 10:30,71,false
2026-08-10 10:45,67,false
2026-08-10 11:00,64,false
2026-08-10 11:15,61,false
2026-08-10 11:30,58,false
2026-08-10 11:45,55,false
2026-08-10 12:00,52,false
2026-08-10 12:15,49,false
2026-08-10 12:30,47,false
2026-08-10 12:45,42,false
2026-08-10 13:00,38,false
2026-08-10 13:15,34,false
2026-08-10 13:30,30,false
2026-08-10 13:45,26,false
2026-08-10 14:00,23,false
2026-08-10 14:15,21,false
2026-08-10 14:30,20,false
2026-08-10 14:45,19,false
2026-08-10 15:00,18,false
2026-08-10 15:15,15,false
2026-08-10 15:30,13,false
2026-08-10 15:45,12,false
2026-08-10 16:00,11,false
2026-08-10 16:15,10,false
2026-08-10 16:30,9,false
2026-08-10 16:45,7,false
2026-08-10 17:00,6,false
2026-08-10 17:15,5,false
2026-08-10 17:30,4,false
2026-08-10 17:45,26,true
2026-08-10 18:00,50,true
2026-08-10 18:15,71,true
2026-08-10 18:30,82,true
2026-08-10 18:45,91,true
2026-08-10 19:15,98,true
2026-08-10 19:30,100,true
2026-08-10 19:45,100,false
2026-08-10 20:00,100,false
2026-08-10 20:15,100,false
2026-08-10 20:30,100,false
2026-08-10 20:45,100,false
2026-08-10 21:00,100,false
2026-08-10 21:15,100,false
2026-08-10 21:30,100,false
2026-08-10 21:45,100,false
2026-08-10 22:00,100,false
2026-08-10 22:15,100,false
2026-08-10 22:30,100,false
2026-08-10 22:45,100,false
2026-08-10 23:00,99,true
2026-08-10 23:15,100,true
2026-08-10 23:30,100,false
2026-08-10 23:45,100,false
2026-08-11 00:00,100,false
2026-08-11 00:15,100,false
2026-08-11 00:30,100,false
2026-08-11 00:45,100,false
2026-08-11 01:00,100,false
2026-08-11 01:15,100,false
2026-08-11 01:30,100,false
2026-08-11 01:45,100,false
2026-08-11 02:00,100,false
2026-08-11 02:15,100,false
2026-08-11 02:30,100,false
2026-08-11 02:45,100,false
2026-08-11 03:00,100,false
2026-08-11 03:15,100,false
2026-08-11 03:30,100,false
2026-08-11 03:45,100,false
2026-08-11 04:00,100,false
2026-08-11 04:15,100,false
2026-08-11 04:30,100,false
2026-08-11 04:45,100,false
2026-08-11 05:00,100,false
2026-08-11 05:15,100,false
2026-08-11 05:30,100,false
2026-08-11 05:45,100,false
2026-08-11 06:00,100,false
2026-08-11 06:15,100,false
2026-08-11 06:30,100,false
2026-08-11 06:45,100,false
2026-08-11 07:00,100,false
2026-08-11 07:15,100,false
2026-08-11 07:30,99,false
2026-08-11 07:45,97,false
2026-08-11 08:00,96,false
2026-08-11 08:15,93,false
2026-08-11 08:30,90,false
2026-08-11 08:45,86,false
2026-08-11 09:00,83,false
2026-08-11 09:15,81,false
2026-08-11 09:30,80,false
2026-08-11 09:45,77,false
2026-08-11 10:00,75,false
2026-08-11 10:15,74,false
2026-08-11 10:30,70,false
2026-08-11 10:45,67,false
2026-08-11 11:00,63,false
2026-08-11 11:15,60,false
2026-08-11 11:30,57,false
2026-08-11 11:45,54,false
2026-08-11 12:00,51,false
2026-08-11 12:15,48,false
2026-08-11 12:30,45,false
2026-08-11 12:45,42,false
2026-08-11 13:00,38,false
2026-08-11 13:15,35,false
2026-08-11 13:30,32,false
2026-08-11 13:45,29,false
2026-08-11 14:00,26,false
2026-08-11 14:15,23,false
2026-08-11 14:30,20,false
2026-08-11 14:45,15,false
2026-08-11 15:00,14,false
2026-08-11 15:15,11,false
2026-08-11 15:30,8,false
2026-08-11 15:45,5,false
2026-08-11 16:00,7,true
2026-08-11 16:15,10,true
2026-08-11 16:30,14,true
2026-08-11 16:45,17,true
2026-08-11 17:00,21,true
2026-08-11 17:15,24,true
2026-08-11 17:30,27,true
2026-08-11 17:45,30,true
2026-08-11 18:00,33,true
2026-08-11 18:15,36,false
2026-08-11 18:30,32,false
2026-08-11 18:45,30,false
2026-08-11 19:15,25,false
2026-08-11 19:30,20,false
2026-08-11 19:45,20,false
2026-08-11 20:00,17,false
2026-08-11 20:15,17,false
2026-08-11 20:30,17,false
2026-08-11 20:45,17,false
2026-08-11 21:00,17,false
2026-08-11 21:15,17,false
2026-08-11 21:30,16,false
2026-08-11 21:45,16,false
2026-08-11 22:00,13,false
2026-08-11 22:15,12,false
2026-08-11 22:30,11,false
2026-08-11 22:45,10,false
2026-08-11 23:00,7,false
2026-08-11 23:15,12,true
2026-08-11 23:30,20,true
2026-08-11 23:45,27,true
2026-08-12 00:00,35,true
2026-08-12 00:15,42,true
2026-08-12 00:30,49,true
2026-08-12 00:45,56,true
2026-08-12 01:00,62,true
2026-08-12 01:15,68,true
2026-08-12 01:30,73,true
2026-08-12 01:45,78,true
2026-08-12 02:00,83,true
2026-08-12 02:15,87,true
2026-08-12 02:30,91,true
2026-08-12 02:45,95,true
2026-08-12 03:00,97,true
2026-08-12 03:15,100,true
2026-08-12 03:30,100,true
2026-08-12 03:45,100,false
2026-08-12 04:00,100,false
2026-08-12 04:15,100,false
2026-08-12 04:30,100,false
2026-08-12 04:45,100,false
2026-08-12 05:00,100,false
2026-08-12 05:15,100,false
2026-08-12 05:30,100,false
2026-08-12 05:45,100,false
2026-08-12 06:00,100,false
2026-08-12 06:15,100,false
2026-08-12 06:30,100,false
2026-08-12 06:45,100,false
2026-08-12 07:00,100,false
2026-08-12 07:15,100,false
2026-08-12 07:30,100,false
2026-08-12 07:45,100,false
2026-08-12 08:00,100,false
2026-08-12 08:15,100,false
2026-08-12 08:30,99,false
2026-08-12 08:45,95,false
2026-08-12 09:00,91,false
2026-08-12 09:15,88,false
2026-08-12 09:30,85,false
2026-08-12 09:45,82,false
2026-08-12 10:00,79,false
2026-08-12 10:15,76,false
2026-08-12 10:30,73,false
2026-08-12 10:45,70,false
2026-08-12 11:00,67,false
2026-08-12 11:15,64,false
2026-08-12 11:30,60,false
2026-08-12 11:45,57,false
2026-08-12 12:00,54,false
2026-08-12 12:15,50,false
2026-08-12 12:30,47,false
2026-08-12 12:45,43,false
2026-08-12 13:00,39,false
2026-08-12 13:15,36,false
2026-08-12 13:30,32,false
2026-08-12 13:45,29,false
2026-08-12 14:00,26,false
2026-08-12 14:15,23,false
2026-08-12 14:30,19,false
2026-08-12 14:45,16,false
2026-08-12 15:00,13,false
2026-08-12 15:15,10,false
2026-08-12 15:30,5,false
2026-08-12 15:45,2,false
2026-08-12 16:00,7,true
2026-08-12 16:15,24,true
2026-08-12 16:30,41,true
2026-08-12 16:45,54,true
2026-08-12 17:00,67,true
2026-08-12 17:15,71,false
2026-08-12 17:30,71,false
2026-08-12 17:45,70,false
2026-08-12 18:00,70,false
2026-08-12 18:15,67,false
2026-08-12 18:30,66,false
2026-08-12 18:45,66,false
2026-08-12 19:15,61,false
2026-08-12 19:30,56,false
2026-08-12 19:45,50,false
2026-08-12 20:00,47,false
2026-08-12 20:15,45,false
2026-08-12 20:30,43,false
2026-08-12 20:45,41,false
2026-08-12 21:00,38,false
2026-08-12 21:15,32,false
2026-08-12 21:30,28,false
2026-08-12 21:45,23,false
2026-08-12 22:00,20,false
2026-08-12 22:15,19,false
2026-08-12 22:30,18,false
2026-08-12 22:45,18,false
2026-08-12 23:00,17,false
2026-08-12 23:15,15,false
2026-08-12 23:30,20,true
2026-08-12 23:45,24,true
2026-08-13 00:00,28,true
2026-08-13 00:15,30,true
2026-08-13 00:30,33,true
2026-08-13 00:45,36,true
2026-08-13 01:00,39,true
2026-08-13 01:15,42,true
2026-08-13 01:30,44,true
2026-08-13 01:45,47,true
2026-08-13 02:00,49,true
2026-08-13 02:15,52,true
2026-08-13 02:30,54,true
2026-08-13 02:45,56,true
2026-08-13 03:00,59,true
2026-08-13 03:15,61,true
2026-08-13 03:30,63,true
2026-08-13 03:45,65,true
2026-08-13 04:00,67,true
2026-08-13 04:15,69,true
2026-08-13 04:30,70,true
2026-08-13 04:45,72,true
2026-08-13 05:00,74,true
2026-08-13 05:15,75,true
2026-08-13 05:30,77,true
2026-08-13 05:45,79,true
2026-08-13 06:00,80,true
2026-08-13 06:15,81,true
2026-08-13 06:30,82,true
2026-08-13 06:45,83,true
2026-08-13 07:00,84,true
2026-08-13 07:15,85,true
2026-08-13 07:30,87,true
2026-08-13 07:45,88,true
2026-08-13 08:00,88,false
2026-08-13 08:15,84,false
2026-08-13 08:30,81,false
2026-08-13 08:45,80,true
2026-08-13 09:00,80,true
2026-08-13 09:15,80,true
2026-08-13 09:30,80,false
2026-08-13 09:45,78,false
2026-08-13 10:00,78,true
2026-08-13 10:15,78,true
2026-08-13 10:30,78,true
2026-08-13 10:45,81,true
2026-08-13 11:00,82,true
2026-08-13 11:15,77,false
2026-08-13 11:30,77,false
2026-08-13 11:45,83,false
2026-08-13 12:00,80,false
2026-08-13 12:15,81,true
2026-08-13 12:30,91,true
2026-08-13 13:00,90,true
2026-08-13 13:15,94,true
2026-08-13 13:30,97,true
2026-08-13 13:45,99,true
2026-08-13 14:00,100,true
2026-08-13 14:15,100,false
2026-08-13 14:30,100,false
