date-time,qty,charging
2025-10-28 00:00,75,true
2025-10-28 00:15,80,true
2025-10-28 00:30,80,true
2025-10-28 00:45,80,true
2025-10-28 01:00,80,true
2025-10-28 01:15,80,true
2025-10-28 01:30,81,true
2025-10-28 01:45,81,true
2025-10-28 02:00,81,true
2025-10-28 02:15,81,true
2025-10-28 02:30,87,true
2025-10-28 02:45,92,true
2025-10-28 03:00,95,true
2025-10-28 03:15,97,true
2025-10-28 03:30,100,true
2025-10-28 03:45,100,true
2025-10-28 04:00,100,true
2025-10-28 04:15,100,false
2025-10-28 04:30,100,false
2025-10-28 04:45,100,false
2025-10-28 05:00,100,false
2025-10-28 05:15,100,false
2025-10-28 05:30,100,false
2025-10-28 05:45,100,false
2025-10-28 06:00,100,false
2025-10-28 06:15,100,false
2025-10-28 06:30,100,false
2025-10-28 06:45,100,false
2025-10-28 07:00,100,false
2025-10-28 07:15,100,false
2025-10-28 07:30,100,false
2025-10-28 07:45,100,false
2025-10-28 08:00,100,false
2025-10-28 08:15,100,false
2025-10-28 08:30,100,false
2025-10-28 08:45,97,false
2025-10-28 09:00,92,false
2025-10-28 09:15,88,false
2025-10-28 09:30,81,false
2025-10-28 09:45,74,false
2025-10-28 10:00,71,false
2025-10-28 10:15,69,false
2025-10-28 10:30,62,false
2025-10-28 10:45,55,false
2025-10-28 11:00,50,false
2025-10-28 11:15,46,false
2025-10-28 11:30,41,false
2025-10-28 11:47,38,false
2025-10-28 12:00,37,false
2025-10-28 12:15,36,false
2025-10-28 12:30,35,false
2025-10-28 12:45,34,false
2025-10-28 13:00,33,false
2025-10-28 13:15,31,false
2025-10-28 13:30,28,false
2025-10-28 13:45,24,false
2025-10-28 14:00,15,false
2025-10-28 14:15,5,false
2025-10-28 14:30,4,true
2025-10-28 14:45,34,true
2025-10-28 15:00,59,true
2025-10-28 15:15,76,true
2025-10-28 15:30,83,true
2025-10-28 15:45,92,true
2025-10-28 16:00,94,true
2025-10-28 16:15,97,true
2025-10-28 16:30,99,true
2025-10-28 16:45,100,true
2025-10-28 17:00,100,false
2025-10-28 17:15,100,false
2025-10-28 17:30,100,false
2025-10-28 17:45,97,false
2025-10-28 18:00,94,false
2025-10-28 18:15,91,false
2025-10-28 18:30,87,false
2025-10-28 18:45,83,false
2025-10-28 19:00,79,false
2025-10-28 19:15,78,false
2025-10-28 19:30,76,false
2025-10-28 19:45,72,false
2025-10-28 20:00,69,false
2025-10-28 20:15,66,false
2025-10-28 20:45,58,true
2025-10-28 21:00,65,true
2025-10-28 21:15,73,true
2025-10-28 21:30,80,true
2025-10-28 21:45,86,true
2025-10-28 22:00,92,true
2025-10-28 22:15,95,true
2025-10-28 22:30,98,true
2025-10-28 22:45,99,true
2025-10-28 23:00,100,false
2025-10-28 23:15,100,true
2025-10-28 23:30,100,false
2025-10-28 23:45,99,false
2025-10-29 00:00,95,false
2025-10-29 00:15,93,false
2025-10-29 00:30,91,false
2025-10-29 00:45,84,false
2025-10-29 01:00,81,false
2025-10-29 01:15,79,false
2025-10-29 01:30,78,false
2025-10-29 01:45,77,false
2025-10-29 02:00,76,false
2025-10-29 02:15,74,false
2025-10-29 02:30,73,false
2025-10-29 02:45,72,false
2025-10-29 03:00,71,false
2025-10-29 03:15,71,false
2025-10-29 03:30,71,false
2025-10-29 03:45,70,false
2025-10-29 04:00,70,false
2025-10-29 04:15,70,false
2025-10-29 04:30,69,false
2025-10-29 04:45,69,false
2025-10-29 05:00,69,false
2025-10-29 05:15,68,false
2025-10-29 05:30,68,false
2025-10-29 05:45,68,false
2025-10-29 06:00,67,false
2025-10-29 06:15,67,false
2025-10-29 06:30,66,false
2025-10-29 06:45,65,false
2025-10-29 07:00,60,false
2025-10-29 07:15,66,true
2025-10-29 07:30,80,true
2025-10-29 07:45,86,true
2025-10-29 08:00,86,false
2025-10-29 08:15,86,false
2025-10-29 08:30,86,false
2025-10-29 08:45,86,true
2025-10-29 09:00,89,true
2025-10-29 09:15,91,false
2025-10-29 09:30,91,false
2025-10-29 09:45,91,false
2025-10-29 10:00,91,false
2025-10-29 10:15,89,false
2025-10-29 10:30,85,false
2025-10-29 10:45,83,false
2025-10-29 11:00,79,false
2025-10-29 11:15,78,false
2025-10-29 11:30,76,false
2025-10-29 11:45,74,false
2025-10-29 12:00,71,false
2025-10-29 12:15,71,false
2025-10-29 12:30,70,false
2025-10-29 12:45,66,false
2025-10-29 13:00,62,false
2025-10-29 13:15,59,false
2025-10-29 13:30,56,false
2025-10-29 13:45,50,false
2025-10-29 14:00,45,false
2025-10-29 14:15,40,false
2025-10-29 14:30,35,false
2025-10-29 14:45,32,false
2025-10-29 15:00,30,false
2025-10-29 15:15,24,false
2025-10-29 15:30,19,false
2025-10-29 15:45,14,false
2025-10-29 16:00,9,false
2025-10-29 16:15,16,true
2025-10-29 16:30,42,true
2025-10-29 16:45,65,true
2025-10-29 17:00,67,false
2025-10-29 17:15,67,false
2025-10-29 17:30,67,false
2025-10-29 17:45,67,false
2025-10-29 18:00,67,false
2025-10-29 18:15,67,false
2025-10-29 18:30,67,false
2025-10-29 18:45,67,false
2025-10-29 19:00,65,false
2025-10-29 19:15,65,false
2025-10-29 19:30,65,false
2025-10-29 19:45,64,false
2025-10-29 20:00,64,false
2025-10-29 20:15,64,false
2025-10-29 20:30,61,false
2025-10-29 20:45,56,false
2025-10-29 21:00,52,false
2025-10-29 21:15,47,false
2025-10-29 21:30,45,false
2025-10-29 21:45,44,false
2025-10-29 22:00,44,false
2025-10-29 22:15,43,false
2025-10-29 22:30,43,false
2025-10-29 22:45,42,false
2025-10-29 23:00,42,false
2025-10-29 23:15,40,false
2025-10-29 23:30,42,true
2025-10-29 23:45,64,true
2025-10-30 00:00,79,true
2025-10-30 00:15,80,true
2025-10-30 00:30,80,true
2025-10-30 00:45,80,true
2025-10-30 01:00,80,true
2025-10-30 01:15,80,true
2025-10-30 01:30,80,true
2025-10-30 01:45,80,true
2025-10-30 02:00,80,true
2025-10-30 02:15,81,true
2025-10-30 02:30,81,true
2025-10-30 02:45,90,true
2025-10-30 03:00,94,true
2025-10-30 03:15,97,true
2025-10-30 03:30,99,true
2025-10-30 03:45,100,true
2025-10-30 04:00,100,true
2025-10-30 04:15,100,false
2025-10-30 04:30,100,false
2025-10-30 04:45,100,false
2025-10-30 05:00,100,false
2025-10-30 05:15,100,false
2025-10-30 05:30,100,false
2025-10-30 05:45,100,false
2025-10-30 06:00,100,false
2025-10-30 06:15,100,false
2025-10-30 06:30,100,false
2025-10-30 06:45,100,false
2025-10-30 07:00,100,false
2025-10-30 07:15,100,false
2025-10-30 07:30,100,false
2025-10-30 07:45,100,false
2025-10-30 08:00,100,false
2025-10-30 08:15,97,false
2025-10-30 08:30,93,false
2025-10-30 08:45,88,false
2025-10-30 09:00,88,false
2025-10-30 09:15,80,false
2025-10-30 09:30,72,false
2025-10-30 09:45,66,false
2025-10-30 10:00,57,false
2025-10-30 10:15,52,false
2025-10-30 10:30,43,false
2025-10-30 10:45,35,false
2025-10-30 11:00,28,false
2025-10-30 11:15,22,false
2025-10-30 11:30,16,false
2025-10-30 11:45,13,false
2025-10-30 12:00,9,false
2025-10-30 12:15,15,true
2025-10-30 12:30,43,true
2025-10-30 12:45,65,true
2025-10-30 13:00,80,true
2025-10-30 13:15,87,true
2025-10-30 13:30,94,true
2025-10-30 13:45,97,true
2025-10-30 14:00,99,true
2025-10-30 14:15,100,true
2025-10-30 14:30,100,false
2025-10-30 14:45,100,false
2025-10-30 15:00,100,false
2025-10-30 15:15,100,false
2025-10-30 15:30,100,false
2025-10-30 15:45,100,false
2025-10-30 16:00,100,false
2025-10-30 16:15,100,false
2025-10-30 16:30,100,false
2025-10-30 16:45,100,false
2025-10-30 17:00,100,false
2025-10-30 17:15,100,false
2025-10-30 17:30,100,false
2025-10-30 17:45,100,false
2025-10-30 18:00,100,false
2025-10-30 18:15,100,false
2025-10-30 18:30,100,false
2025-10-30 18:45,99,false
2025-10-30 19:00,96,false
2025-10-30 19:15,89,false
2025-10-30 19:30,84,false
2025-10-30 19:45,79,false
2025-10-30 20:00,75,false
2025-10-30 20:15,71,false
2025-10-30 20:30,67,false
2025-10-30 20:45,61,false
2025-10-30 21:00,58,false
2025-10-30 21:15,56,false
2025-10-30 21:30,55,false
2025-10-30 21:45,56,true
2025-10-30 22:00,64,true
2025-10-30 22:15,71,true
2025-10-30 22:30,78,true
2025-10-30 22:45,83,true
2025-10-30 23:00,89,true
2025-10-30 23:15,93,true
2025-10-30 23:30,96,true
2025-10-30 23:45,98,true
2025-10-31 00:00,100,true
2025-10-31 00:15,100,false
2025-10-31 00:30,100,false
2025-10-31 00:45,100,false
2025-10-31 01:00,100,false
2025-10-31 01:15,100,false
2025-10-31 01:30,100,false
2025-10-31 01:45,100,false
2025-10-31 02:00,100,false
2025-10-31 02:15,100,false
2025-10-31 02:30,100,false
2025-10-31 02:45,100,true
2025-10-31 03:00,100,true
2025-10-31 03:15,100,false
2025-10-31 03:30,100,false
2025-10-31 03:45,100,false
2025-10-31 04:00,100,false
2025-10-31 04:15,100,false
2025-10-31 04:30,100,false
2025-10-31 04:45,100,false
2025-10-31 05:00,100,false
2025-10-31 05:15,100,false
2025-10-31 05:30,100,false
2025-10-31 05:45,100,false
2025-10-31 06:00,100,false
2025-10-31 06:15,100,false
2025-10-31 06:30,100,false
2025-10-31 06:45,100,false
2025-10-31 07:00,98,false
2025-10-31 07:15,98,false
2025-10-31 07:30,97,false
2025-10-31 07:45,96,false
2025-10-31 08:00,94,false
2025-10-31 08:15,92,false
2025-10-31 08:30,83,false
2025-10-31 09:00,76,false
2025-10-31 09:15,74,false
2025-10-31 09:30,70,false
2025-10-31 09:45,64,false
2025-10-31 10:00,59,false
2025-10-31 10:15,50,false
2025-10-31 10:30,45,false
2025-10-31 10:45,40,false
2025-10-31 11:00,33,false
2025-10-31 11:15,22,false
2025-10-31 11:30,14,false
2025-10-31 11:45,5,false
2025-10-31 12:00,25,true
2025-10-31 12:15,52,true
2025-10-31 12:30,72,true
2025-10-31 12:45,83,true
2025-10-31 13:00,91,true
2025-10-31 13:15,94,false
2025-10-31 13:30,94,false
2025-10-31 13:45,83,false
2025-10-31 14:00,76,false
2025-10-31 14:15,72,false
2025-10-31 14:30,65,false
2025-10-31 14:45,60,false
2025-10-31 15:00,57,false
2025-10-31 15:15,53,false
2025-10-31 15:30,51,false
2025-10-31 15:45,50,false
2025-10-31 16:00,49,false
2025-10-31 16:15,49,false
2025-10-31 16:30,49,false
2025-10-31 16:45,49,false
2025-10-31 17:00,48,false
2025-10-31 17:15,48,false
2025-10-31 17:30,48,false
2025-10-31 17:45,48,false
2025-10-31 18:00,46,false
2025-10-31 18:15,46,false
2025-10-31 18:30,46,false
2025-10-31 18:45,46,false
2025-10-31 19:00,44,false
2025-10-31 19:15,44,false
2025-10-31 19:30,44,false
2025-10-31 19:45,42,false
2025-10-31 20:00,37,false
2025-10-31 20:15,32,false
2025-10-31 20:30,27,false
2025-10-31 20:45,24,false
2025-10-31 21:00,,false
2025-10-31 21:15,11,false
2025-10-31 21:31,11,false
2025-10-31 21:45,11,false
2025-10-31 22:00,9,false
2025-10-31 22:15,5,false
2025-10-31 22:30,,false
2025-10-31 22:45,13,true
2025-10-31 23:00,13,false
2025-10-31 23:15,20,true
2025-10-31 23:30,30,true
2025-10-31 23:45,40,true
2025-11-01 00:00,49,true
2025-11-01 00:15,57,true
2025-11-01 00:30,66,true
2025-11-01 00:45,72,true
2025-11-01 01:00,78,true
2025-11-01 01:15,79,false
2025-11-01 01:30,77,false
2025-11-01 01:45,73,false
2025-11-01 02:00,70,false
2025-11-01 02:15,64,false
2025-11-01 02:30,58,false
2025-11-01 02:45,64,true
2025-11-01 03:00,78,true
2025-11-01 03:15,88,true
2025-11-01 03:30,93,true
2025-11-01 03:45,96,true
2025-11-01 04:00,98,true
2025-11-01 04:15,100,true
2025-11-01 04:30,100,true
2025-11-01 04:45,100,false
2025-11-01 05:00,100,false
2025-11-01 05:15,100,false
2025-11-01 05:30,100,false
2025-11-01 05:45,100,false
2025-11-01 06:00,100,false
2025-11-01 06:15,100,false
2025-11-01 06:30,100,false
2025-11-01 06:45,100,false
2025-11-01 07:00,100,false
2025-11-01 07:15,100,false
2025-11-01 07:30,100,false
2025-11-01 07:45,98,false
2025-11-01 08:00,97,false
2025-11-01 08:15,91,false
2025-11-01 08:30,89,false
2025-11-01 08:45,86,false
2025-11-01 09:00,83,false
2025-11-01 09:15,80,false
2025-11-01 09:30,76,false
2025-11-01 09:45,75,false
2025-11-01 10:00,74,false
2025-11-01 10:15,72,false
2025-11-01 10:30,65,false
2025-11-01 10:45,60,false
2025-11-01 11:00,55,false
2025-11-01 11:15,49,false
2025-11-01 11:30,45,false
2025-11-01 11:45,42,false
2025-11-01 12:00,38,false
2025-11-01 12:15,34,false
2025-11-01 12:30,34,false
2025-11-01 12:45,32,false
2025-11-01 13:00,30,false
2025-11-01 13:15,25,false
2025-11-01 13:30,22,false
2025-11-01 13:45,20,false
2025-11-01 14:00,17,false
2025-11-01 14:15,35,true
2025-11-01 14:30,57,true
2025-11-01 14:45,74,true
2025-11-01 15:00,84,true
2025-11-01 15:15,91,true
2025-11-01 15:30,95,true
2025-11-01 15:45,97,false
2025-11-01 16:00,97,false
2025-11-01 16:15,97,true
2025-11-01 16:30,98,true
2025-11-01 16:45,100,true
2025-11-01 17:00,100,true
2025-11-01 17:15,100,false
2025-11-01 17:30,100,false
2025-11-01 17:45,100,false
2025-11-01 18:00,100,false
2025-11-01 18:15,100,false
2025-11-01 18:30,100,false
2025-11-01 18:45,100,false
2025-11-01 19:00,100,false
2025-11-01 19:15,100,false
2025-11-01 19:30,100,false
2025-11-01 19:45,100,false
2025-11-01 20:00,100,false
2025-11-01 20:15,97,false
2025-11-01 20:30,93,false
2025-11-01 20:45,87,false
2025-11-01 21:00,82,false
2025-11-01 21:15,79,false
2025-11-01 21:30,76,false
2025-11-01 21:45,74,false
2025-11-01 22:00,71,false
2025-11-01 22:15,67,false
2025-11-01 22:30,59,false
2025-11-01 22:45,53,false
2025-11-01 23:00,48,false
2025-11-01 23:15,43,false
2025-11-01 23:30,38,false
2025-11-01 23:45,32,false
2025-11-02 00:00,27,false
2025-11-02 00:15,23,false
2025-11-02 00:30,21,false
2025-11-02 00:45,20,false
2025-11-02 01:00,17,false
2025-11-02 01:15,16,false
2025-11-02 01:30,16,false
2025-11-02 01:45,16,false
2025-11-02 02:00,15,false
2025-11-02 02:15,27,true
2025-11-02 02:30,41,true
2025-11-02 02:45,53,true
2025-11-02 03:00,64,true
2025-11-02 03:15,74,true
2025-11-02 03:30,81,true
2025-11-02 03:45,88,true
2025-11-02 04:00,93,true
2025-11-02 04:15,96,true
2025-11-02 04:30,98,true
2025-11-02 04:45,100,true
2025-11-02 05:00,100,true
2025-11-02 05:15,100,true
2025-11-02 05:30,100,false
2025-11-02 05:45,100,false
2025-11-02 06:00,100,false
2025-11-02 06:15,100,false
2025-11-02 06:30,100,false
2025-11-02 06:45,100,false
2025-11-02 07:00,100,false
2025-11-02 07:15,100,false
2025-11-02 07:30,100,false
2025-11-02 07:45,100,false
2025-11-02 08:00,100,false
2025-11-02 08:15,100,false
2025-11-02 08:30,100,false
2025-11-02 08:45,100,false
2025-11-02 09:00,100,false
2025-11-02 09:15,96,false
2025-11-02 09:30,93,false
2025-11-02 09:45,90,false
2025-11-02 10:00,86,false
2025-11-02 10:15,81,false
2025-11-02 10:30,77,false
2025-11-02 10:45,75,false
2025-11-02 11:00,72,false
2025-11-02 11:15,68,false
2025-11-02 11:30,65,false
2025-11-02 11:45,60,false
2025-11-02 12:00,54,false
2025-11-02 12:15,45,false
2025-11-02 12:30,38,false
2025-11-02 12:45,31,false
2025-11-02 13:00,26,false
2025-11-02 13:15,23,false
2025-11-02 13:30,14,false
2025-11-02 13:45,37,true
2025-11-02 14:00,60,true
2025-11-02 14:15,76,true
2025-11-02 14:30,86,false
2025-11-02 14:45,86,false
2025-11-02 15:00,85,false
2025-11-02 15:15,82,false
2025-11-02 15:30,74,false
2025-11-02 15:45,70,false
2025-11-02 16:00,66,false
2025-11-02 16:15,63,false
2025-11-02 16:30,55,false
2025-11-02 16:45,49,false
2025-11-02 17:00,46,false
2025-11-02 17:15,41,false
2025-11-02 17:30,39,false
2025-11-02 17:45,35,false
2025-11-02 18:00,30,false
2025-11-02 18:15,26,false
2025-11-02 18:30,24,false
2025-11-02 18:45,20,false
2025-11-02 19:00,17,false
2025-11-02 19:15,14,false
2025-11-02 19:30,8,false
2025-11-02 19:45,19,false
2025-11-02 20:00,15,false
2025-11-02 20:15,11,false
2025-11-02 20:30,18,true
2025-11-02 20:45,46,true
2025-11-02 21:00,61,true
2025-11-02 21:15,72,false
2025-11-02 21:30,74,true
2025-11-02 21:45,85,true
2025-11-02 22:00,91,true
2025-11-02 22:15,96,true
2025-11-02 22:30,96,false
2025-11-02 22:45,96,false
2025-11-02 23:00,96,false
2025-11-02 23:15,95,false
2025-11-02 23:30,94,false
2025-11-02 23:45,94,false
2025-11-03 00:00,94,false
2025-11-03 00:15,92,false
2025-11-03 00:30,88,false
2025-11-03 00:45,84,true
2025-11-03 01:00,91,true
2025-11-03 01:15,91,true
2025-11-03 01:30,91,true
2025-11-03 01:45,91,true
2025-11-03 02:00,95,true
2025-11-03 02:15,98,true
2025-11-03 02:30,99,true
2025-11-03 02:45,100,true
2025-11-03 03:00,100,true
2025-11-03 03:15,100,false
2025-11-03 03:30,100,false
2025-11-03 03:45,100,false
2025-11-03 04:00,100,false
2025-11-03 04:15,100,false
2025-11-03 04:30,100,false
2025-11-03 04:45,100,false
2025-11-03 05:00,100,false
2025-11-03 05:15,100,false
2025-11-03 05:30,100,false
2025-11-03 05:45,99,false
2025-11-03 06:00,98,false
2025-11-03 06:15,97,false
2025-11-03 06:30,95,false
2025-11-03 06:45,93,false
2025-11-03 07:00,91,false
2025-11-03 07:15,87,false
2025-11-03 07:30,85,false
2025-11-03 07:45,81,false
2025-11-03 08:00,78,false
2025-11-03 08:15,73,false
2025-11-03 08:30,71,false
2025-11-03 08:45,69,false
2025-11-03 09:00,64,false
2025-11-03 09:15,60,false
2025-11-03 09:30,55,false
2025-11-03 09:45,65,true
2025-11-03 10:00,80,true
2025-11-03 10:15,87,true
2025-11-03 10:30,94,true
2025-11-03 10:45,98,false
2025-11-03 11:00,98,false
2025-11-03 11:15,98,false
2025-11-03 11:30,93,false
2025-11-03 11:45,92,false
2025-11-03 12:00,90,true
2025-11-03 12:15,95,true
2025-11-03 12:30,98,true
2025-11-03 12:45,100,true
2025-11-03 13:00,100,true
2025-11-03 13:15,100,false
2025-11-03 13:30,100,false
2025-11-03 13:45,100,false
2025-11-03 14:00,100,false
2025-11-03 14:15,100,false
2025-11-03 14:30,100,false
2025-11-03 14:45,100,false
2025-11-03 15:00,100,false
2025-11-03 15:15,100,false
2025-11-03 15:30,98,false
2025-11-03 15:45,94,false
2025-11-03 16:00,92,false
2025-11-03 16:15,88,false
2025-11-03 16:30,85,false
2025-11-03 16:45,81,false
2025-11-03 17:00,76,false
2025-11-03 17:15,72,false
2025-11-03 17:30,70,false
2025-11-03 17:45,69,false
2025-11-03 18:00,67,false
2025-11-03 18:15,65,false
2025-11-03 18:30,61,false
2025-11-03 18:45,56,false
2025-11-03 19:00,52,false
2025-11-03 19:15,47,false
2025-11-03 19:30,44,false
2025-11-03 19:45,40,false
2025-11-03 20:00,36,false
2025-11-03 20:15,33,false
2025-11-03 20:30,30,false
2025-11-03 20:45,24,false
2025-11-03 21:00,18,false
2025-11-03 21:15,14,false
2025-11-03 21:30,12,false
2025-11-03 21:45,8,false
2025-11-03 22:00,6,false
2025-11-03 22:15,2,true
2025-11-03 22:30,32,true
2025-11-03 22:45,55,true
2025-11-03 23:00,74,true
2025-11-03 23:15,81,true
2025-11-03 23:30,90,true
2025-11-03 23:45,95,true
2025-11-04 00:00,97,true
2025-11-04 00:15,100,true
2025-11-04 00:30,100,true
2025-11-04 00:45,100,false
2025-11-04 01:00,100,false
2025-11-04 01:15,100,false
2025-11-04 01:30,100,false
2025-11-04 01:45,100,false
2025-11-04 02:00,100,false
2025-11-04 02:15,100,false
2025-11-04 02:30,100,false
2025-11-04 02:45,100,false
2025-11-04 03:00,100,false
2025-11-04 03:15,100,false
2025-11-04 03:30,100,false
2025-11-04 03:45,100,false
2025-11-04 04:00,100,false
2025-11-04 04:15,100,false
2025-11-04 04:30,100,false
2025-11-04 04:45,100,false
2025-11-04 05:00,100,false
2025-11-04 05:15,100,false
2025-11-04 05:30,100,false
2025-11-04 05:45,100,false
2025-11-04 06:00,100,false
2025-11-04 06:15,100,false
2025-11-04 06:30,100,false
2025-11-04 06:45,100,false
2025-11-04 07:00,100,false
2025-11-04 07:15,100,false
2025-11-04 07:30,98,false
2025-11-04 07:45,96,false
2025-11-04 08:00,93,false
2025-11-04 08:15,90,false
2025-11-04 08:30,87,false
2025-11-04 08:45,82,false
2025-11-04 09:00,77,false
2025-11-04 09:15,72,false
2025-11-04 09:30,69,false
2025-11-04 09:45,65,false
2025-11-04 10:00,61,false
2025-11-04 10:15,58,false
2025-11-04 10:30,54,false
2025-11-04 10:45,49,false
2025-11-04 11:00,46,false
2025-11-04 11:15,42,false
2025-11-04 11:30,38,false
2025-11-04 11:45,35,false
2025-11-04 12:00,32,false
2025-11-04 12:15,35,true
2025-11-04 12:30,50,false
2025-11-04 12:45,50,false
2025-11-04 13:00,47,false
2025-11-04 13:15,46,false
2025-11-04 13:30,43,false
2025-11-04 13:45,41,false
2025-11-04 14:00,37,false
2025-11-04 14:15,34,false
2025-11-04 14:30,31,false
2025-11-04 14:45,28,false
2025-11-04 15:00,25,false
2025-11-04 15:15,19,false
2025-11-04 15:30,17,false
2025-11-04 15:45,14,false
2025-11-04 16:00,13,false
2025-11-04 16:15,13,false
2025-11-04 16:30,10,false
2025-11-04 16:45,7,false
2025-11-04 17:00,6,false
2025-11-04 17:15,5,false
2025-11-04 17:30,11,true
2025-11-04 17:45,24,true
2025-11-04 18:00,35,false
2025-11-04 18:15,33,false
2025-11-04 18:30,33,false
2025-11-04 18:45,31,false
2025-11-04 19:00,30,false
2025-11-04 19:15,28,false
2025-11-04 19:30,26,false
2025-11-04 19:45,25,false
2025-11-04 20:00,24,false
2025-11-04 20:15,24,false
2025-11-04 20:30,22,false
2025-11-04 20:45,19,false
2025-11-04 21:00,18,false
2025-11-04 21:15,17,false
2025-11-04 21:30,15,false
2025-11-04 21:45,13,false
2025-11-04 22:00,10,false
2025-11-04 22:15,10,false
2025-11-04 22:30,8,false
2025-11-04 22:45,7,false
2025-11-04 23:00,6,false
2025-11-04 23:15,4,false
2025-11-04 23:30,3,false
2025-11-04 23:45,9,true
2025-11-05 00:00,20,true
2025-11-05 00:15,30,true
2025-11-05 00:30,38,true
2025-11-05 00:45,46,true
2025-11-05 01:00,56,true
2025-11-05 01:15,67,true
2025-11-05 01:30,76,true
2025-11-05 01:45,80,true
2025-11-05 02:00,80,true
2025-11-05 02:15,80,true
2025-11-05 02:30,80,true
2025-11-05 02:45,80,true
2025-11-05 03:00,82,true
2025-11-05 03:15,82,true
2025-11-05 03:30,82,true
2025-11-05 03:45,82,true
2025-11-05 04:00,82,true
2025-11-05 04:15,83,true
2025-11-05 04:30,90,true
2025-11-05 04:45,95,true
2025-11-05 05:00,98,true
2025-11-05 05:15,100,true
2025-11-05 05:30,100,true
2025-11-05 05:45,100,true
2025-11-05 06:00,100,false
2025-11-05 06:15,100,false
2025-11-05 06:30,100,false
2025-11-05 06:45,100,false
2025-11-05 07:00,100,false
2025-11-05 07:15,100,false
2025-11-05 07:30,100,false
2025-11-05 07:45,100,false
2025-11-05 08:00,100,false
2025-11-05 08:15,100,false
2025-11-05 08:30,100,false
2025-11-05 08:45,100,false
2025-11-05 09:00,99,false
2025-11-05 09:15,97,false
2025-11-05 09:30,96,false
2025-11-05 09:45,94,false
2025-11-05 10:00,94,false
2025-11-05 10:15,92,false
2025-11-05 10:30,89,false
2025-11-05 10:45,88,false
2025-11-05 11:00,85,false
2025-11-05 11:15,81,false
2025-11-05 11:30,78,false
2025-11-05 11:45,74,false
2025-11-05 12:00,71,false
2025-11-05 12:15,68,false
2025-11-05 12:30,66,false
2025-11-05 12:45,63,false
2025-11-05 13:00,60,false
2025-11-05 13:15,58,false
2025-11-05 13:30,54,false
2025-11-05 13:45,51,false
2025-11-05 14:00,48,false
2025-11-05 14:15,45,false
2025-11-05 14:30,40,false
2025-11-05 14:45,36,false
2025-11-05 15:00,34,false
2025-11-05 15:15,33,false
2025-11-05 15:30,31,false
2025-11-05 15:45,30,false
2025-11-05 16:00,29,false
2025-11-05 16:15,28,false
2025-11-05 16:30,25,false
2025-11-05 16:45,24,false
2025-11-05 17:00,21,false
2025-11-05 17:15,18,false
2025-11-05 17:30,16,false
2025-11-05 17:45,13,false
2025-11-05 18:15,8,false
2025-11-05 18:30,4,false
2025-11-05 18:45,4,false
2025-11-05 19:00,3,false
2025-11-05 19:15,3,false
2025-11-05 19:30,3,false
2025-11-05 19:45,3,false
2025-11-05 20:00,3,false
2025-11-05 20:15,3,false
2025-11-05 20:30,8,true
2025-11-05 20:45,22,true
2025-11-05 21:00,34,true
2025-11-05 21:15,45,true
2025-11-05 21:30,54,true
2025-11-05 21:45,63,true
2025-11-05 22:00,72,true
2025-11-05 22:15,79,true
2025-11-05 22:30,86,true
2025-11-05 22:45,91,true
2025-11-05 23:00,95,true
2025-11-05 23:15,97,true
2025-11-05 23:30,99,true
2025-11-05 23:45,100,true
2025-11-06 00:00,100,false
2025-11-06 00:15,100,false
2025-11-06 00:30,100,false
2025-11-06 00:45,100,false
2025-11-06 01:00,100,false
2025-11-06 01:15,100,false
2025-11-06 01:30,100,false
2025-11-06 01:45,100,false
2025-11-06 02:00,100,false
2025-11-06 02:15,100,false
2025-11-06 02:30,100,false
2025-11-06 02:45,100,false
2025-11-06 03:00,100,false
2025-11-06 03:15,100,false
2025-11-06 03:30,100,false
2025-11-06 03:45,100,false
2025-11-06 04:00,100,false
2025-11-06 04:15,100,false
2025-11-06 04:30,100,false
2025-11-06 04:45,100,false
2025-11-06 05:00,100,false
2025-11-06 05:15,100,false
2025-11-06 05:30,100,false
2025-11-06 05:45,100,false
2025-11-06 06:00,100,false
2025-11-06 06:15,100,false
2025-11-06 06:30,100,false
2025-11-06 06:45,100,false
2025-11-06 07:00,100,false
2025-11-06 07:15,100,false
2025-11-06 07:30,100,false
2025-11-06 07:45,100,false
2025-11-06 08:00,100,false
2025-11-06 08:15,100,false
2025-11-06 08:30,99,false
2025-11-06 08:45,96,false
2025-11-06 09:00,91,false
2025-11-06 09:15,88,false
2025-11-06 09:30,86,false
2025-11-06 09:45,83,false
2025-11-06 10:00,82,false
2025-11-06 10:15,81,false
2025-11-06 10:30,80,false
2025-11-06 10:45,80,false
2025-11-06 11:00,78,false
2025-11-06 11:15,77,false
2025-11-06 11:30,76,false
2025-11-06 11:45,75,false
2025-11-06 12:00,73,false
2025-11-06 12:15,72,false
2025-11-06 12:30,71,false
2025-11-06 12:45,70,false
2025-11-06 13:00,69,false
2025-11-06 13:15,67,false
2025-11-06 13:30,64,false
2025-11-06 13:45,60,false
2025-11-06 14:00,55,false
2025-11-06 14:15,52,false
2025-11-06 14:30,50,false
2025-11-06 14:45,49,false
2025-11-06 15:00,48,false
2025-11-06 15:15,47,false
2025-11-06 15:30,46,false
2025-11-06 15:45,45,false
2025-11-06 16:00,45,false
2025-11-06 16:15,43,false
2025-11-06 16:30,42,false
2025-11-06 16:45,41,false
2025-11-06 17:00,36,false
2025-11-06 17:15,36,false
2025-11-15 10:45,56,true
2025-11-15 11:00,,false
2025-11-15 11:15,,true
2025-11-15 11:30,62,false
2025-11-15 11:45,,false
2025-11-15 12:00,57,false
2025-11-15 12:15,56,false
2025-11-15 12:30,56,false
2025-11-15 12:45,56,false
2025-11-15 13:00,52,false
2025-11-15 13:15,48,false
2025-11-15 13:30,46,false
2025-11-15 13:45,44,false
2025-11-15 14:00,42,false
2025-11-15 14:15,42,false
2025-11-15 14:30,40,false
2025-11-15 14:45,39,false
2025-11-15 15:00,38,false
2025-11-15 15:15,37,false
2025-11-15 15:30,34,false
2025-11-15 15:45,57,true
2025-11-15 16:00,73,true
2025-11-15 16:15,82,true
2025-11-15 16:30,89,true
2025-11-15 16:45,94,true
2025-11-15 17:00,96,false
2025-11-15 17:15,94,false
2025-11-15 17:30,89,false
2025-11-15 17:45,86,false
2025-11-15 18:00,84,false
2025-11-15 18:15,82,false
2025-11-15 18:30,80,false
2025-11-15 18:45,79,false
2025-11-15 19:00,77,false
2025-11-15 19:15,74,false
2025-11-15 19:30,73,false
2025-11-15 19:45,73,false
2025-11-15 20:00,72,false
2025-11-15 20:15,68,false
2025-11-15 20:30,66,false
2025-11-15 20:45,65,false
2025-11-15 21:00,64,false
2025-11-15 21:15,63,false
2025-11-15 21:30,61,false
2025-11-15 21:45,58,false
2025-11-15 22:00,,false
2025-11-15 22:15,50,false
2025-11-15 22:30,46,false
2025-11-15 22:45,42,false
2025-11-15 23:00,37,false
2025-11-15 23:15,34,false
2025-11-15 23:30,31,false
2025-11-15 23:45,28,false
2025-11-16 00:00,25,false
2025-11-16 00:15,22,false
2025-11-16 00:45,,false
2025-11-16 01:00,11,false
2025-11-16 01:15,6,false
2025-11-16 01:30,2,false
2025-11-16 01:45,6,true
2025-11-16 02:00,21,true
2025-11-16 02:15,34,true
2025-11-16 02:30,45,true
2025-11-16 02:45,57,true
2025-11-16 03:00,68,true
2025-11-16 03:15,77,true
2025-11-16 03:30,84,true
2025-11-16 03:45,90,true
2025-11-16 04:00,94,true
2025-11-16 04:15,97,true
2025-11-16 04:30,98,true
2025-11-16 04:45,100,true
2025-11-16 05:00,100,false
2025-11-16 05:15,100,false
2025-11-16 05:30,100,false
2025-11-16 05:45,100,false
2025-11-16 06:00,100,false
2025-11-16 06:15,100,false
2025-11-16 06:30,100,false
2025-11-16 06:45,100,false
2025-11-16 07:00,100,false
2025-11-16 07:15,100,false
2025-11-16 07:30,100,false
2025-11-16 07:45,100,false
2025-11-16 08:00,100,false
2025-11-16 08:15,100,false
2025-11-16 08:30,100,false
2025-11-16 08:45,100,false
2025-11-16 09:00,100,false
2025-11-16 09:15,100,false
2025-11-16 09:30,100,false
2025-11-16 09:45,100,false
2025-11-16 10:00,100,false
2025-11-16 10:15,99,false
2025-11-16 10:30,96,false
2025-11-16 10:45,92,false
2025-11-16 11:00,89,false
2025-11-16 11:15,85,false
2025-11-16 11:30,81,false
2025-11-16 11:45,78,false
2025-11-16 12:00,74,false
2025-11-16 12:15,71,false
2025-11-16 12:30,67,false
2025-11-16 12:45,63,false
2025-11-16 13:00,58,false
2025-11-16 13:15,,false
2025-11-16 13:30,49,false
2025-11-16 13:45,44,false
2025-11-16 14:00,41,false
2025-11-16 14:15,37,false
2025-11-16 14:30,33,false
2025-11-16 14:45,,false
2025-11-16 15:00,26,false
2025-11-16 15:15,23,false
2025-11-16 15:30,21,false
2025-11-16 15:45,19,false
2025-11-16 16:00,17,false
2025-11-16 16:15,16,false
2025-11-16 16:30,,false
2025-11-16 16:45,13,false
2025-11-16 17:00,12,false
2025-11-16 17:15,10,false
2025-11-16 17:30,7,false
2025-11-16 17:45,5,false
2025-11-16 18:00,2,false
2025-11-16 18:15,2,false
2025-11-16 18:30,2,false
2025-11-16 18:45,2,false
2025-11-16 19:00,10,true
2025-11-16 19:15,22,true
2025-11-16 19:30,35,true
2025-11-16 19:45,48,true
2025-11-16 20:00,,true
2025-11-16 20:15,64,false
2025-11-16 20:30,64,false
2025-11-16 20:45,64,false
2025-11-16 21:00,63,false
2025-11-16 21:15,62,false
2025-11-16 21:30,61,false
2025-11-16 21:45,,false
2025-11-16 22:00,,false
2025-11-16 22:15,50,false
2025-11-16 22:30,46,false
2025-11-16 22:45,44,false
2025-11-16 23:00,44,false
2025-11-16 23:15,42,false
2025-11-16 23:30,40,false
2025-11-16 23:45,39,false
2025-11-17 00:00,37,false
2025-11-17 00:15,34,false
2025-11-17 00:30,34,false
2025-11-17 00:45,41,true
2025-11-17 01:00,,true
2025-11-17 01:15,65,true
2025-11-17 01:30,75,true
2025-11-17 01:45,84,true
2025-11-17 02:00,91,true
2025-11-17 02:15,95,true
2025-11-17 02:30,97,true
2025-11-17 02:45,99,true
2025-11-17 03:00,100,true
2025-11-17 03:15,100,true
2025-11-17 03:30,100,false
2025-11-17 03:45,100,false
2025-11-17 04:00,100,false
2025-11-17 04:15,100,false
2025-11-17 04:30,100,false
2025-11-17 04:45,100,false
2025-11-17 05:00,100,false
2025-11-17 05:15,100,false
2025-11-17 05:30,100,false
2025-11-17 05:45,100,false
2025-11-17 06:00,100,false
2025-11-17 06:15,100,false
2025-11-17 06:30,100,false
2025-11-17 06:45,100,false
2025-11-17 07:00,100,false
2025-11-17 07:15,100,false
2025-11-17 07:30,100,false
2025-11-17 07:45,100,false
2025-11-17 08:00,100,false
2025-11-17 08:15,100,false
2025-11-17 08:30,98,false
2025-11-17 08:45,94,false
2025-11-17 09:00,90,false
2025-11-17 09:15,88,false
2025-11-17 09:30,87,false
2025-11-17 09:45,89,true
2025-11-17 10:00,94,true
2025-11-17 10:15,97,true
2025-11-17 10:30,98,true
2025-11-17 10:45,100,true
2025-11-17 11:00,100,true
2025-11-17 11:15,100,false
2025-11-17 11:30,100,false
2025-11-17 11:45,100,false
2025-11-17 12:00,100,false
2025-11-17 12:15,100,false
2025-11-17 12:30,100,false
2025-11-17 12:45,100,false
2025-11-17 13:00,100,false
2025-11-17 13:15,98,false
2025-11-17 13:30,97,false
2025-11-17 13:45,92,false
2025-11-17 14:00,86,false
2025-11-17 14:15,81,false
2025-11-17 14:30,77,false
2025-11-17 14:45,74,false
2025-11-17 15:00,70,false
2025-11-17 15:15,66,false
2025-11-17 15:30,64,false
2025-11-17 15:45,61,false
2025-11-17 16:00,,false
2025-11-17 16:15,56,false
2025-11-17 16:30,55,false
2025-11-17 16:45,,false
2025-11-17 17:00,,false
2025-11-17 17:15,52,false
2025-11-17 17:30,52,false
2025-11-17 17:45,50,false
2025-11-17 18:00,50,false
2025-11-17 18:15,49,false
2025-11-17 18:30,48,false
2025-11-17 18:45,46,false
2025-11-17 19:00,43,false
2025-11-17 19:15,42,false
2025-11-17 19:30,41,false
2025-11-17 19:45,39,false
2025-11-17 20:00,39,false
2025-11-17 20:15,39,false
2025-11-17 20:30,38,false
2025-11-17 20:45,38,false
2025-11-17 21:00,37,false
2025-11-17 21:15,35,false
2025-11-17 21:30,31,false
2025-11-17 21:45,29,false
2025-11-17 22:00,26,false
2025-11-17 22:15,22,false
2025-11-17 22:30,21,false
2025-11-17 22:45,20,false
2025-11-17 23:00,20,false
2025-11-17 23:15,18,false
2025-11-17 23:30,17,false
2025-11-17 23:45,23,true
2025-11-18 00:00,33,true
2025-11-18 00:15,45,true
2025-11-18 00:30,57,true
2025-11-18 00:45,68,true
2025-11-18 01:00,78,true
2025-11-18 01:15,87,true
2025-11-18 01:30,89,false
2025-11-18 01:45,89,false
2025-11-18 02:00,89,false
2025-11-18 02:15,89,false
2025-11-18 02:30,89,false
2025-11-18 02:45,89,false
2025-11-18 03:00,89,false
2025-11-18 03:15,89,false
2025-11-18 03:30,89,false
2025-11-18 03:45,89,false
2025-11-18 04:00,89,false
2025-11-18 04:15,89,false
2025-11-18 04:30,89,false
2025-11-18 04:45,89,false
2025-11-18 05:00,88,false
2025-11-18 05:15,88,false
2025-11-18 05:30,88,false
2025-11-18 05:45,88,false
2025-11-18 06:00,87,false
2025-11-18 06:15,85,false
2025-11-18 06:30,82,false
2025-11-18 06:45,78,false
2025-11-18 07:00,71,false
2025-11-18 07:15,68,false
2025-11-18 07:30,68,false
2025-11-18 07:45,65,false
2025-11-18 08:00,63,false
2025-11-18 08:15,63,false
2025-11-18 08:30,70,true
2025-11-18 08:45,80,true
2025-11-18 09:00,89,true
2025-11-18 09:15,93,true
2025-11-18 09:30,96,true
2025-11-18 09:45,98,true
2025-11-18 10:00,100,true
2025-11-18 10:15,100,false
2025-11-18 10:30,100,false
2025-11-18 10:45,100,false
2025-11-18 11:00,100,false
2025-11-18 11:15,100,false
2025-11-18 11:30,100,false
2025-11-18 11:45,100,false
2025-11-18 12:00,95,false
2025-11-18 12:15,92,false
2025-11-18 12:30,87,false
2025-11-18 12:45,83,false
2025-11-18 13:00,81,false
2025-11-18 13:15,79,false
2025-11-18 13:30,76,false
2025-11-18 13:45,75,false
2025-11-18 14:00,73,false
2025-11-18 14:15,72,false
2025-11-18 14:30,71,false
2025-11-18 14:45,67,false
2025-11-18 15:00,64,false
2025-11-18 15:30,,false
2025-11-18 15:45,49,false
2025-11-18 16:00,44,false
2025-11-18 16:15,41,false
2025-11-18 16:30,38,false
2025-11-18 16:45,35,false
2025-11-18 17:00,34,false
2025-11-18 17:15,33,false
2025-11-18 17:30,33,false
2025-11-18 17:45,31,false
2025-11-18 18:00,,false
2025-11-18 18:15,,false
2025-11-18 18:30,26,false
2025-11-18 18:45,14,false
2025-11-18 19:00,10,false
2025-11-18 19:15,10,false
2025-11-18 19:30,10,false
2025-11-18 19:45,8,false
2025-11-18 20:00,6,false
2025-11-18 20:15,4,false
2025-11-18 20:30,3,false
2025-11-18 20:45,2,false
2025-11-18 22:00,29,true
2025-11-18 22:15,38,true
2025-11-18 22:30,46,true
2025-11-18 22:45,50,false
2025-11-18 23:00,46,false
2025-11-18 23:15,44,false
2025-11-18 23:30,44,false
2025-11-18 23:45,43,false
2025-11-19 00:00,40,false
2025-11-19 00:15,36,false
2025-11-19 00:30,31,false
2025-11-19 00:45,26,false
2025-11-19 01:00,24,false
2025-11-19 01:15,23,false
2025-11-19 01:30,23,false
2025-11-19 01:45,23,false
2025-11-19 02:00,23,false
2025-11-19 02:15,22,false
2025-11-19 02:30,22,false
2025-11-19 02:45,21,false
2025-11-19 03:00,20,false
2025-11-19 03:15,20,false
2025-11-19 03:30,20,false
2025-11-19 03:45,20,false
2025-11-19 04:00,19,false
2025-11-19 04:15,19,false
2025-11-19 04:30,19,false
2025-11-19 04:45,19,false
2025-11-19 05:00,19,false
2025-11-19 05:15,18,false
2025-11-19 05:30,18,false
2025-11-19 05:45,18,false
2025-11-19 06:00,17,false
2025-11-19 06:15,17,false
2025-11-19 06:30,17,false
2025-11-19 06:45,17,false
2025-11-19 07:00,16,false
2025-11-19 07:15,16,false
2025-11-19 07:30,16,false
2025-11-19 07:45,,false
2025-11-19 08:00,,false
2025-11-19 08:15,,false
2025-11-19 08:30,14,false
2025-11-19 08:45,13,false
2025-11-19 09:00,13,false
2025-11-19 09:15,13,false
2025-11-19 09:30,12,false
2025-11-19 09:45,9,false
2025-11-19 10:00,6,false
2025-11-19 10:15,4,false
2025-11-19 10:30,1,false
2025-11-19 10:45,9,false
2025-11-19 11:00,6,false
2025-11-19 11:15,5,false
2025-11-19 11:30,3,false
2025-11-19 11:45,18,true
2025-11-19 12:00,42,true
2025-11-19 12:15,57,false
2025-11-19 12:30,73,false
2025-11-19 12:45,81,true
2025-11-19 13:00,85,true
2025-11-19 13:15,88,true
2025-11-19 13:30,92,true
2025-11-19 13:45,94,true
2025-11-19 14:00,97,true
2025-11-19 14:15,98,true
2025-11-19 14:30,99,true
2025-11-19 14:45,100,true
2025-11-19 15:00,100,false
2025-11-19 15:15,100,false
2025-11-19 15:30,100,false
2025-11-19 15:45,100,false
2025-11-19 16:00,100,false
2025-11-19 16:15,100,false
2025-11-19 16:30,100,false
2025-11-19 16:45,100,false
2025-11-19 17:00,96,false
2025-11-19 17:15,94,false
2025-11-19 17:30,93,false
2025-11-19 17:45,93,false
2025-11-19 18:00,91,false
2025-11-19 18:15,89,false
2025-11-19 18:30,88,false
2025-11-19 18:45,80,false
2025-11-19 19:00,74,false
2025-11-19 19:15,73,false
2025-11-19 19:30,71,false
2025-11-19 19:45,70,false
2025-11-19 20:00,67,false
2025-11-19 20:15,67,false
2025-11-19 20:30,65,false
2025-11-19 20:45,62,false
2025-11-19 21:00,,false
2025-11-19 21:15,58,false
2025-11-19 21:30,57,false
2025-11-19 21:45,57,false
2025-11-19 22:00,55,false
2025-11-19 22:15,,false
2025-11-19 22:30,,false
2025-11-19 22:45,52,false
2025-11-19 23:00,47,false
2025-11-19 23:15,44,false
2025-11-19 23:30,42,false
2025-11-19 23:45,42,false
2025-11-20 00:00,40,false
2025-11-20 00:15,36,false
2025-11-20 00:30,33,false
2025-11-20 00:45,35,true
2025-11-20 01:00,42,true
2025-11-20 01:15,58,true
2025-11-20 01:30,73,true
2025-11-20 01:45,80,true
2025-11-20 02:00,85,true
2025-11-20 02:15,89,true
2025-11-20 02:30,93,true
2025-11-20 02:45,95,true
2025-11-20 03:00,97,true
2025-11-20 03:15,100,false
2025-11-20 03:30,100,false
2025-11-20 03:45,100,false
2025-11-20 04:00,100,false
2025-11-20 04:15,100,false
2025-11-20 04:30,100,false
2025-11-20 04:45,100,false
2025-11-20 05:00,100,false
2025-11-20 05:15,100,false
2025-11-20 05:30,100,false
2025-11-20 05:45,100,false
2025-11-20 06:00,100,false
2025-11-20 06:15,100,false
2025-11-20 06:30,100,false
2025-11-20 06:45,100,false
2025-11-20 07:00,100,false
2025-11-20 07:15,100,false
2025-11-20 07:30,100,false
2025-11-20 07:45,100,false
2025-11-20 08:00,99,false
2025-11-20 08:15,98,false
2025-11-20 08:30,91,false
2025-11-20 08:45,86,false
2025-11-20 09:00,82,false
2025-11-20 09:15,80,false
2025-11-20 09:30,80,false
2025-11-20 09:45,75,false
2025-11-20 10:00,73,false
2025-11-20 10:15,77,true
2025-11-20 10:30,87,true
2025-11-20 10:45,93,true
2025-11-20 11:00,96,true
2025-11-20 11:15,98,true
2025-11-20 11:30,100,true
2025-11-20 11:45,100,false
2025-11-20 12:00,97,false
2025-11-20 12:15,92,false
2025-11-20 12:30,90,false
2025-11-20 12:45,87,false
2025-11-20 13:00,84,false
2025-11-20 13:15,81,false
2025-11-20 13:30,79,false
2025-11-20 13:45,77,false
2025-11-20 14:00,74,false
2025-11-20 14:15,69,false
2025-11-20 14:30,66,false
2025-11-20 14:45,61,false
2025-11-20 15:00,,false
2025-11-20 15:15,,false
2025-11-20 15:30,56,false
2025-11-20 15:45,52,false
2025-11-20 16:00,51,false
2025-11-20 16:15,50,false
2025-11-20 16:30,45,false
2025-11-20 16:45,44,false
2025-11-20 17:00,43,false
2025-11-20 17:15,40,false
2025-11-20 17:30,39,false
2025-11-20 17:45,37,false
2025-11-20 18:00,34,false
2025-11-20 18:15,31,false
2025-11-20 18:30,28,false
2025-11-20 18:45,28,false
2025-11-20 19:00,26,false
2025-11-20 19:15,26,false
2025-11-20 19:30,26,false
2025-11-20 19:45,23,false
2025-11-20 20:00,20,false
2025-11-20 20:15,19,false
2025-11-20 20:30,18,false
2025-11-20 20:45,17,false
2025-11-20 21:00,17,false
2025-11-20 21:15,17,false
2025-11-20 21:30,12,false
2025-11-20 21:45,12,false
2025-11-20 22:00,12,false
2025-11-20 22:15,12,false
2025-11-20 22:30,11,false
2025-11-20 22:45,12,true
2025-11-20 23:00,29,true
2025-11-20 23:15,42,true
2025-11-20 23:30,57,true
2025-11-20 23:45,72,false
2025-11-21 00:00,81,true
2025-11-21 00:15,86,true
2025-11-21 00:30,90,true
2025-11-21 00:45,93,true
2025-11-21 01:00,96,true
2025-11-21 01:15,98,true
2025-11-21 01:30,100,true
2025-11-21 01:45,100,true
2025-11-21 02:00,100,false
2025-11-21 02:15,100,false
2025-11-21 02:30,100,false
2025-11-21 02:45,100,false
2025-11-21 03:00,100,false
2025-11-21 03:15,100,false
2025-11-21 03:30,100,false
2025-11-21 03:45,100,false
2025-11-21 04:00,100,false
2025-11-21 04:15,100,false
2025-11-21 04:30,100,false
2025-11-21 04:45,100,false
2025-11-21 05:00,100,false
2025-11-21 05:15,100,false
2025-11-21 05:30,100,false
2025-11-21 05:45,100,false
2025-11-21 06:00,100,false
2025-11-21 06:15,100,false
2025-11-21 06:30,100,false
2025-11-21 06:45,100,false
2025-11-21 07:00,100,false
2025-11-21 07:15,100,false
2025-11-21 07:30,100,false
2025-11-21 07:45,100,false
2025-11-21 08:00,100,false
2025-11-21 08:15,100,false
2025-11-21 08:30,100,false
2025-11-21 08:45,96,false
2025-11-21 09:00,94,false
2025-11-21 09:15,92,false
2025-11-21 09:30,92,false
2025-11-21 09:45,91,false
2025-11-21 10:00,87,false
2025-11-21 10:15,83,false
2025-11-21 10:30,83,true
2025-11-21 10:45,85,true
2025-11-21 11:00,88,true
2025-11-21 11:15,92,true
2025-11-21 11:30,93,false
2025-11-21 11:45,90,false
2025-11-21 12:00,86,false
2025-11-21 12:15,81,false
2025-11-21 12:30,76,false
2025-11-21 12:45,75,false
2025-11-21 13:00,73,false
2025-11-21 13:15,74,true
2025-11-21 13:30,84,true
2025-11-21 13:45,91,true
2025-11-21 14:00,94,true
2025-11-21 14:15,96,true
2025-11-21 14:30,97,true
2025-11-21 14:45,98,true
2025-11-21 15:00,100,false
2025-11-21 15:15,100,false
2025-11-21 15:30,100,false
2025-11-21 15:45,100,false
2025-11-21 16:00,100,false
2025-11-21 16:15,100,false
2025-11-21 16:30,100,false
2025-11-21 16:45,100,false
2025-11-21 17:00,100,false
2025-11-21 17:15,100,false
2025-11-21 17:30,96,false
2025-11-21 17:45,92,false
2025-11-21 18:00,88,false
2025-11-21 18:15,87,false
2025-11-21 18:30,85,false
2025-11-21 18:45,84,false
2025-11-21 19:00,83,false
2025-11-21 19:15,83,false
2025-11-21 19:30,82,false
2025-11-21 19:45,80,false
2025-11-21 20:00,77,false
2025-11-21 20:15,76,false
2025-11-21 20:30,72,false
2025-11-21 20:45,67,false
2025-11-21 21:00,64,false
2025-11-21 21:15,,false
2025-11-21 21:30,57,false
2025-11-21 21:45,,false
2025-11-21 22:00,,false
2025-11-21 22:15,,false
2025-11-21 22:30,,false
2025-11-21 22:45,,false
2025-11-21 23:00,,false
2025-11-21 23:15,52,false
2025-11-21 23:30,52,false
2025-11-21 23:45,52,false
2025-11-22 00:00,51,false
2025-11-22 00:15,51,false
2025-11-22 00:30,51,false
2025-11-22 00:45,49,false
2025-11-22 01:00,49,false
2025-11-22 01:15,49,false
2025-11-22 01:30,47,false
2025-11-22 01:45,47,false
2025-11-22 02:00,50,true
2025-11-22 02:15,66,true
2025-11-22 02:30,78,true
2025-11-22 02:45,85,true
2025-11-22 03:00,91,true
2025-11-22 03:15,94,true
2025-11-22 03:30,96,true
2025-11-22 03:45,98,true
2025-11-22 04:00,100,true
2025-11-22 04:15,100,true
2025-11-22 04:30,100,false
2025-11-22 04:45,100,false
2025-11-22 05:00,100,false
2025-11-22 05:15,100,false
2025-11-22 05:30,100,false
2025-11-22 05:45,100,false
2025-11-22 06:00,100,false
2025-11-22 06:15,100,false
2025-11-22 06:30,100,false
2025-11-22 06:45,100,false
2025-11-22 07:00,100,false
2025-11-22 07:15,100,false
2025-11-22 07:30,100,false
2025-11-22 07:45,100,false
2025-11-22 08:00,100,false
2025-11-22 08:15,100,false
2025-11-22 08:30,100,false
2025-11-22 08:45,100,false
2025-11-22 09:00,100,false
2025-11-22 09:15,99,false
2025-11-22 09:30,99,false
2025-11-22 09:45,98,false
2025-11-22 10:00,97,false
2025-11-22 10:15,96,false
2025-11-22 10:30,96,false
2025-11-22 10:45,92,false
2025-11-22 11:00,92,false
2025-11-22 11:15,91,false
2025-11-22 11:30,90,false
2025-11-22 11:45,90,false
2025-11-22 12:00,90,false
2025-11-22 12:15,90,false
2025-11-22 12:30,89,false
2025-11-22 12:45,89,false
2025-11-22 13:00,89,false
2025-11-22 13:15,88,false
2025-11-22 13:30,88,false
2025-11-22 13:45,87,false
2025-11-22 14:00,85,false
2025-11-22 14:15,85,false
2025-11-22 14:30,82,false
2025-11-22 14:45,82,false
2025-11-22 15:00,81,false
2025-11-22 15:15,81,false
2025-11-22 15:30,80,false
2025-11-22 15:45,79,false
2025-11-22 16:00,74,false
2025-11-22 16:15,70,false
2025-11-22 16:30,70,false
2025-11-22 16:45,70,false
2025-11-22 17:00,70,false
2025-11-22 17:15,69,false
2025-11-22 17:30,69,false
2025-11-22 17:45,68,false
2025-11-22 18:00,67,false
2025-11-22 18:15,66,false
2025-11-22 18:30,65,false
2025-11-22 18:45,64,false
2025-11-22 19:00,61,false
2025-11-22 19:15,,false
2025-11-22 19:30,,false
2025-11-22 19:45,58,false
2025-11-22 20:00,57,false
2025-11-22 20:17,56,false
2025-11-22 20:32,,false
2025-11-22 20:45,51,false
2025-11-22 21:00,50,false
2025-11-22 21:15,46,false
2025-11-22 21:30,41,false
2025-11-22 21:45,40,false
2025-11-22 22:00,37,false
2025-11-22 22:15,33,false
2025-11-22 22:30,28,false
2025-11-22 22:45,24,false
2025-11-22 23:00,21,false
2025-11-22 23:15,6,false
2025-11-22 23:30,26,true
2025-11-22 23:45,41,true
2025-11-23 00:00,56,true
2025-11-23 00:15,69,true
2025-11-23 00:30,79,true
2025-11-23 00:45,88,true
2025-11-23 01:00,93,true
2025-11-23 01:15,96,true
2025-11-23 01:30,98,true
2025-11-23 01:45,100,true
2025-11-23 02:00,100,true
2025-11-23 02:15,100,false
2025-11-23 02:30,100,false
2025-11-23 02:45,100,false
2025-11-23 03:00,100,false
2025-11-23 03:15,100,false
2025-11-23 03:30,100,false
2025-11-23 03:45,100,false
2025-11-23 04:00,100,false
2025-11-23 04:15,100,false
2025-11-23 04:30,100,false
2025-11-23 04:45,100,false
2025-11-23 05:00,100,false
2025-11-23 05:15,100,false
2025-11-23 05:30,100,false
2025-11-23 05:45,100,false
2025-11-23 06:00,100,false
2025-11-23 06:15,100,false
2025-11-23 06:30,100,false
2025-11-23 06:45,100,false
2025-11-23 07:00,100,false
2025-11-23 07:15,100,false
2025-11-23 07:30,100,false
2025-11-23 07:45,100,false
2025-11-23 08:00,100,false
2025-11-23 08:15,100,false
2025-11-23 08:30,100,false
2025-11-23 08:45,100,false
2025-11-23 09:00,100,false
2025-11-23 09:15,98,false
2025-11-23 09:30,96,false
2025-11-23 09:45,94,false
2025-11-23 10:00,92,false
2025-11-23 10:15,87,false
2025-11-23 10:30,85,false
2025-11-23 10:45,84,false
2025-11-23 11:00,82,false
2025-11-23 11:15,81,false
2025-11-23 11:30,82,true
2025-11-23 11:45,90,true
2025-11-23 12:00,95,true
2025-11-23 12:15,98,true
2025-11-23 12:30,99,true
2025-11-23 12:45,100,true
2025-11-23 13:00,100,false
2025-11-23 13:15,100,false
2025-11-23 13:30,100,false
2025-11-23 13:45,100,false
2025-11-23 14:00,98,false
2025-11-23 14:15,96,false
2025-11-23 14:30,95,false
2025-11-23 14:45,93,false
2025-11-23 15:00,90,false
2025-11-23 15:15,90,false
2025-11-23 15:30,88,false
2025-11-23 15:45,86,false
2025-11-23 16:00,86,false
2025-11-23 16:15,85,false
2025-11-23 16:30,84,false
2025-11-23 16:45,83,false
2025-11-23 17:00,81,false
2025-11-23 17:15,80,false
2025-11-23 17:30,78,false
2025-11-23 17:45,76,false
2025-11-23 18:00,75,false
2025-11-23 18:15,73,false
2025-11-23 18:30,72,false
2025-11-23 18:45,71,false
2025-11-23 19:00,70,false
2025-11-23 19:15,66,false
2025-11-23 19:30,61,false
2025-11-23 19:45,,false
2025-11-23 20:00,,false
2025-11-23 20:15,,false
2025-11-23 20:30,57,false
2025-11-23 20:45,55,false
2025-11-23 21:00,,false
2025-11-23 21:15,,false
2025-11-23 21:30,45,false
2025-11-23 21:45,45,false
2025-11-23 22:00,45,false
2025-11-23 22:15,38,false
2025-11-23 22:30,38,false
2025-11-23 22:45,38,false
2025-11-23 23:00,36,false
2025-11-23 23:15,33,false
2025-11-23 23:30,31,false
2025-11-23 23:45,,false
2025-11-24 00:00,23,false
2025-11-24 00:15,19,false
2025-11-24 00:30,18,false
2025-11-24 00:45,17,false
2025-11-24 01:00,17,false
2025-11-24 01:15,17,false
2025-11-24 01:30,17,false
2025-11-24 01:45,17,false
2025-11-24 02:00,17,false
2025-11-24 02:15,16,false
2025-11-24 02:30,16,false
2025-11-24 02:45,16,false
2025-11-24 03:00,16,false
2025-11-24 03:15,,false
2025-11-24 03:30,,false
2025-11-24 03:45,,false
2025-11-24 04:00,,false
2025-11-24 04:15,14,false
2025-11-24 04:30,14,false
2025-11-24 04:45,14,false
2025-11-24 05:00,14,false
2025-11-24 05:15,14,false
2025-11-24 05:30,13,false
2025-11-24 05:45,13,false
2025-11-24 06:00,13,false
2025-11-24 06:15,12,false
2025-11-24 06:30,12,false
2025-11-24 06:45,12,false
2025-11-24 07:00,12,false
2025-11-24 07:15,12,false
2025-11-24 07:30,11,false
2025-11-24 07:45,,true
2025-11-24 08:00,14,false
2025-11-24 08:15,14,false
2025-11-24 08:30,38,true
2025-11-24 08:45,62,true
2025-11-24 09:00,72,false
2025-11-24 09:15,72,false
2025-11-24 09:30,75,true
2025-11-24 09:45,85,true
2025-11-24 10:00,92,true
2025-11-24 10:15,95,true
2025-11-24 10:30,98,true
2025-11-24 10:45,99,true
2025-11-24 11:00,100,true
2025-11-24 11:15,100,true
2025-11-24 11:30,100,false
2025-11-24 11:45,100,false
2025-11-24 12:00,100,false
2025-11-24 12:15,100,false
2025-11-24 12:30,100,false
2025-11-24 12:45,98,false
2025-11-24 13:00,93,false
2025-11-24 13:15,86,false
2025-11-24 13:30,78,false
2025-11-24 13:45,76,false
2025-11-24 14:00,73,false
2025-11-24 14:15,71,false
2025-11-24 14:30,69,false
2025-11-24 14:45,67,false
2025-11-24 15:00,66,false
2025-11-24 15:15,64,false
2025-11-24 15:30,62,false
2025-11-24 15:45,,false
2025-11-24 16:00,,false
2025-11-24 16:15,58,false
2025-11-24 16:30,57,false
2025-11-24 16:45,57,false
2025-11-24 17:00,56,false
2025-11-24 17:15,56,false
2025-11-24 17:30,56,false
2025-11-24 17:45,56,false
2025-11-24 18:00,55,false
2025-11-24 18:15,55,false
2025-11-24 18:30,,false
2025-11-24 18:45,,false
2025-11-24 19:00,,false
2025-11-24 19:15,,false
2025-11-24 19:30,,false
2025-11-24 19:45,,false
2025-11-24 20:00,52,false
2025-11-24 20:15,51,false
2025-11-24 20:30,47,false
2025-11-24 20:45,44,false
2025-11-24 21:00,44,false
2025-11-24 21:15,44,false
2025-11-24 21:30,44,false
2025-11-24 21:45,44,false
2025-11-24 22:00,44,false
2025-11-24 22:15,42,false
2025-11-24 22:30,42,false
2025-11-24 22:45,41,false
2025-11-24 23:00,40,false
2025-11-24 23:15,39,false
2025-11-24 23:30,37,false
2025-11-24 23:45,35,false
2025-11-25 00:00,34,false
2025-11-25 00:15,32,false
2025-11-25 00:30,,false
2025-11-25 00:45,24,false
2025-11-25 01:00,20,false
2025-11-25 01:15,17,false
2025-11-25 01:30,,false
2025-11-25 01:45,,false
2025-11-25 02:00,14,false
2025-11-25 02:15,13,false
2025-11-25 02:30,12,true
2025-11-25 02:45,,true
2025-11-25 03:00,43,true
2025-11-25 03:15,58,true
2025-11-25 03:30,71,true
2025-11-25 03:45,81,true
2025-11-25 04:00,89,true
2025-11-25 04:15,93,true
2025-11-25 04:30,96,true
2025-11-25 04:45,97,true
2025-11-25 05:00,100,true
2025-11-25 05:15,100,true
2025-11-25 05:30,100,false
2025-11-25 05:45,100,false
2025-11-25 06:00,100,false
2025-11-25 06:15,100,false
2025-11-25 06:30,99,false
2025-11-25 06:45,96,false
2025-11-25 07:00,93,false
2025-11-25 07:15,90,false
2025-11-25 07:30,88,false
2025-11-25 07:45,91,true
2025-11-25 08:00,95,true
2025-11-25 08:15,97,true
2025-11-25 08:30,99,true
2025-11-25 08:45,100,true
2025-11-25 09:00,100,true
2025-11-25 09:15,100,false
2025-11-25 09:30,100,false
2025-11-25 09:45,100,false
2025-11-25 10:00,100,false
2025-11-25 10:15,100,false
2025-11-25 10:30,100,false
2025-11-25 10:45,100,false
2025-11-25 11:00,100,false
2025-11-25 11:15,100,false
2025-11-25 11:30,100,false
2025-11-25 11:45,100,false
2025-11-25 12:00,100,false
2025-11-25 12:15,99,false
2025-11-25 12:30,93,false
2025-11-25 12:45,89,false
2025-11-25 13:00,86,false
2025-11-25 13:15,83,false
2025-11-25 13:30,81,false
2025-11-25 13:45,75,false
2025-11-25 14:00,73,false
2025-11-25 14:15,70,false
2025-11-25 14:30,68,false
2025-11-25 14:45,68,false
2025-11-25 15:00,66,false
2025-11-25 15:15,63,false
2025-11-25 15:30,62,false
2025-11-25 15:45,62,false
2025-11-25 16:00,,false
2025-11-25 16:15,56,false
2025-11-25 16:30,,false
2025-11-25 16:45,52,false
2025-11-25 17:00,51,false
2025-11-25 17:15,50,false
2025-11-25 17:30,47,false
2025-11-25 17:45,47,false
2025-11-25 18:00,46,false
2025-11-25 18:15,46,false
2025-11-25 18:30,43,false
2025-11-25 18:45,41,false
2025-11-25 19:00,39,false
2025-11-25 19:15,38,false
2025-11-25 19:30,37,false
2025-11-25 19:45,36,false
2025-11-25 20:00,34,false
2025-11-25 20:15,33,false
2025-11-25 20:30,31,false
2025-11-25 20:45,,false
2025-11-25 21:00,,false
2025-11-25 21:15,25,false
2025-11-25 21:30,24,false
2025-11-25 21:45,23,false
2025-11-25 22:00,20,false
2025-11-25 22:15,18,false
2025-11-25 22:30,,false
2025-11-25 22:45,12,false
2025-11-25 23:00,9,false
2025-11-25 23:15,5,false
2025-11-25 23:30,3,false
2025-11-25 23:45,2,false
2025-11-26 00:00,1,false
2025-11-26 00:15,11,false
2025-11-26 00:30,7,false
2025-11-26 00:45,4,false
2025-11-26 01:00,2,false
2025-11-26 01:15,7,true
2025-11-26 01:30,21,true
2025-11-26 01:45,34,true
2025-11-26 02:00,47,true
2025-11-26 02:15,58,true
2025-11-26 02:30,69,true
2025-11-26 02:45,78,true
2025-11-26 03:00,86,true
2025-11-26 03:15,91,true
2025-11-26 03:30,95,true
2025-11-26 03:45,97,true
2025-11-26 04:00,98,true
2025-11-26 04:15,100,true
2025-11-26 04:30,100,true
2025-11-26 04:45,100,false
2025-11-26 05:00,100,false
2025-11-26 05:15,100,false
2025-11-26 05:30,100,false
2025-11-26 05:45,100,false
2025-11-26 06:00,100,false
2025-11-26 06:15,100,false
2025-11-26 06:30,100,false
2025-11-26 06:45,100,false
2025-11-26 07:00,100,false
2025-11-26 07:15,100,false
2025-11-26 07:30,100,false
2025-11-26 07:45,100,false
2025-11-26 08:00,100,false
2025-11-26 08:15,100,false
2025-11-26 08:30,100,false
2025-11-26 08:45,100,false
2025-11-26 09:00,100,false
2025-11-26 09:15,100,false
2025-11-26 09:30,99,false
2025-11-26 09:45,95,false
2025-11-26 10:00,92,false
2025-11-26 10:15,89,false
2025-11-26 10:30,85,false
2025-11-26 10:45,82,false
2025-11-26 11:00,79,false
2025-11-26 11:15,74,false
2025-11-26 11:30,70,false
2025-11-26 11:45,67,false
2025-11-26 12:00,63,false
2025-11-26 12:15,,false
2025-11-26 12:30,55,false
2025-11-26 12:45,51,false
2025-11-26 13:15,41,false
2025-11-26 13:30,40,false
2025-11-26 13:45,38,false
2025-11-26 14:00,34,false
2025-11-26 14:15,31,false
2025-11-26 14:30,,false
2025-11-26 14:45,24,false
2025-11-26 15:00,21,false
2025-11-26 15:15,17,false
2025-11-26 15:30,,false
2025-11-26 15:45,13,false
2025-11-26 16:00,12,false
2025-11-26 16:15,10,false
2025-11-26 16:30,9,false
2025-11-26 16:45,8,false
2025-11-26 17:00,12,true
2025-11-26 17:15,25,true
2025-11-26 17:30,40,true
2025-11-26 17:45,52,true
2025-11-26 18:00,,false
2025-11-26 18:15,,false
2025-11-26 18:30,,false
2025-11-26 18:45,56,false
2025-11-26 19:00,,false
2025-11-26 19:15,50,false
2025-11-26 19:30,47,false
2025-11-26 19:45,46,false
2025-11-26 20:00,45,false
2025-11-26 20:15,45,false
2025-11-26 20:30,44,false
2025-11-26 20:45,43,false
2025-11-26 21:00,43,false
2025-11-26 21:15,42,false
2025-11-26 21:30,41,false
2025-11-26 21:45,40,false
2025-11-26 22:00,37,false
2025-11-26 22:15,32,false
2025-11-26 22:30,,false
2025-11-26 22:45,,false
2025-11-26 23:00,,false
2025-11-26 23:15,26,false
2025-11-26 23:30,25,false
2025-11-26 23:45,24,false
2025-11-27 00:00,22,false
2025-11-27 00:15,21,false
2025-11-27 00:30,19,true
2025-11-27 00:45,17,false
2025-11-27 01:00,28,true
2025-11-27 01:15,43,true
2025-11-27 01:30,56,true
2025-11-27 01:45,69,true
2025-11-27 02:00,80,true
2025-11-27 02:15,89,true
2025-11-27 02:30,93,true
2025-11-27 02:45,96,true
2025-11-27 03:00,98,true
2025-11-27 03:15,100,true
2025-11-27 03:30,100,true
2025-11-27 03:45,100,false
2025-11-27 04:00,100,false
2025-11-27 04:15,100,false
2025-11-27 04:30,100,false
2025-11-27 04:45,100,false
2025-11-27 05:00,100,false
2025-11-27 05:15,100,false
2025-11-27 05:30,100,false
2025-11-27 05:45,100,false
2025-11-27 06:00,100,false
2025-11-27 06:15,100,false
2025-11-27 06:30,100,false
2025-11-27 06:45,100,false
2025-11-27 07:00,100,false
2025-11-27 07:15,100,false
2025-11-27 07:30,100,false
2025-11-27 07:45,100,false
2025-11-27 08:00,95,false
2025-11-27 08:15,95,false
2025-11-27 08:30,91,false
2025-11-27 08:45,87,false
2025-11-27 09:00,83,false
2025-11-27 09:15,81,false
2025-11-27 09:30,77,false
2025-11-27 09:45,78,true
2025-11-27 10:00,88,true
2025-11-27 10:15,94,true
2025-11-27 10:30,97,true
2025-11-27 10:45,99,true
2025-11-27 11:00,100,true
2025-11-27 11:15,100,true
2025-11-27 11:30,100,false
2025-11-27 11:45,100,false
2025-11-27 12:00,100,false
2025-11-27 12:15,100,false
2025-11-27 12:30,100,false
2025-11-27 12:45,99,false
2025-11-27 13:00,93,false
2025-11-27 13:15,87,false
2025-11-27 13:30,83,false
2025-11-27 13:45,79,false
2025-11-27 14:00,76,false
2025-11-27 14:15,72,false
2025-11-27 14:30,67,false
2025-11-27 14:45,63,false
2025-11-27 15:00,,false
2025-11-27 15:15,57,false
2025-11-27 15:30,56,false
2025-11-27 15:45,55,false
2025-11-27 16:00,,false
2025-11-27 16:15,,false
2025-11-27 16:30,49,false
2025-11-27 16:45,46,false
2025-11-27 17:00,43,false
2025-11-27 17:15,41,false
2025-11-27 17:30,38,false
2025-11-27 17:45,35,false
2025-11-27 18:00,32,false
2025-11-27 18:15,29,false
2025-11-27 18:30,,false
2025-11-27 18:45,25,false
2025-11-27 19:00,24,false
2025-11-27 19:15,23,false
2025-11-27 19:30,22,false
2025-11-27 19:45,21,false
2025-11-27 20:00,20,false
2025-11-27 20:15,18,false
2025-11-27 20:30,12,false
2025-11-27 20:45,9,false
2025-11-27 21:00,9,false
2025-11-27 21:15,9,false
2025-11-27 21:30,8,false
2025-11-27 21:45,8,true
2025-11-27 22:00,21,true
2025-11-27 22:15,35,true
2025-11-27 22:30,38,false
2025-11-27 22:45,33,false
2025-11-27 23:00,33,false
2025-11-27 23:15,31,false
2025-11-27 23:30,,false
2025-11-27 23:45,28,false
2025-11-28 00:00,25,false
2025-11-28 00:15,23,false
2025-11-28 00:30,22,false
2025-11-28 00:45,,false
2025-11-28 01:00,,false
2025-11-28 01:15,10,true
2025-11-28 01:30,22,true
2025-11-28 01:45,33,true
2025-11-28 02:00,44,true
2025-11-28 02:15,,true
2025-11-28 02:30,62,true
2025-11-28 02:45,70,true
2025-11-28 03:00,78,true
2025-11-28 03:15,83,true
2025-11-28 03:30,88,true
2025-11-28 03:45,92,true
2025-11-28 04:00,95,true
2025-11-28 04:15,97,true
2025-11-28 04:30,98,true
2025-11-28 04:45,100,true
2025-11-28 05:00,100,false
2025-11-28 05:15,100,false
2025-11-28 05:30,100,false
2025-11-28 05:45,100,false
2025-11-28 06:00,100,false
2025-11-28 06:15,100,false
2025-11-28 06:30,100,false
2025-11-28 06:45,100,false
2025-11-28 07:00,100,false
2025-11-28 07:15,100,false
2025-11-28 07:30,100,false
2025-11-28 07:45,100,false
2025-11-28 08:00,100,false
2025-11-28 08:15,100,false
2025-11-28 08:30,100,false
2025-11-28 08:45,100,false
2025-11-28 09:00,100,false
2025-11-28 09:15,100,false
2025-11-28 09:30,100,false
2025-11-28 09:45,99,false
2025-11-28 10:00,97,false
2025-11-28 10:15,93,false
2025-11-28 10:30,89,false
2025-11-28 10:45,85,false
2025-11-28 11:00,82,false
2025-11-28 11:15,78,false
2025-11-28 11:30,75,false
2025-11-28 11:45,73,false
2025-11-28 12:00,68,false
2025-11-28 12:15,66,false
2025-11-28 12:30,61,false
2025-11-28 12:45,,false
2025-11-28 13:00,58,false
2025-11-28 13:15,,false
2025-11-28 13:30,50,false
2025-11-28 13:45,58,true
2025-11-28 14:00,74,true
2025-11-28 14:15,84,true
2025-11-28 14:30,92,true
2025-11-28 14:45,89,false
2025-11-28 15:00,84,false
2025-11-28 15:15,79,false
2025-11-28 15:30,74,false
2025-11-28 15:45,70,false
2025-11-28 16:00,67,false
2025-11-28 16:15,71,true
2025-11-28 16:30,82,true
2025-11-28 16:45,90,true
2025-11-28 17:00,94,false
2025-11-28 17:15,94,false
2025-11-28 17:30,89,false
2025-11-28 17:45,85,false
2025-11-28 18:00,83,false
2025-11-28 18:15,80,false
2025-11-28 18:30,79,false
2025-11-28 18:45,76,false
2025-11-28 19:00,74,false
2025-11-28 19:15,67,false
2025-11-28 19:30,65,false
2025-11-28 19:45,,false
2025-11-28 20:00,58,false
2025-11-28 20:15,56,false
2025-11-28 20:30,,false
2025-11-28 20:45,50,false
2025-11-28 21:00,46,false
2025-11-28 21:15,41,false
2025-11-28 21:30,37,false
2025-11-28 21:45,33,false
2025-11-28 22:00,33,false
2025-11-28 22:15,29,false
2025-11-28 22:30,29,false
2025-11-28 22:45,,false
2025-11-28 23:00,26,false
2025-11-28 23:15,24,false
2025-11-28 23:30,21,false
2025-11-28 23:45,16,false
2025-11-29 00:00,13,false
2025-11-29 00:15,8,false
2025-11-29 00:30,5,false
2025-11-29 00:45,1,false
2025-11-29 01:00,17,true
2025-11-29 01:15,19,false
2025-11-29 01:30,19,true
2025-11-29 01:45,34,true
2025-11-29 02:00,48,true
2025-11-29 02:15,61,true
2025-11-29 02:30,72,true
2025-11-29 02:45,82,true
2025-11-29 03:00,90,true
2025-11-29 03:15,94,true
2025-11-29 03:30,96,true
2025-11-29 03:45,98,true
2025-11-29 04:00,100,true
2025-11-29 04:15,100,true
2025-11-29 04:30,100,false
2025-11-29 04:45,100,false
2025-11-29 05:00,100,false
2025-11-29 05:15,100,false
2025-11-29 05:30,100,false
2025-11-29 05:45,100,false
2025-11-29 06:00,100,false
2025-11-29 06:15,100,false
2025-11-29 06:30,100,false
2025-11-29 06:45,100,false
2025-11-29 07:00,100,false
2025-11-29 07:15,100,false
2025-11-29 07:30,100,false
2025-11-29 07:45,100,false
2025-11-29 08:00,100,false
2025-11-29 08:15,100,false
2025-11-29 08:30,100,false
2025-11-29 08:45,100,false
2025-11-29 09:00,100,false
2025-11-29 09:15,100,false
2025-11-29 09:30,100,false
2025-11-29 09:45,100,false
2025-11-29 10:00,100,false
2025-11-29 10:15,100,false
2025-11-29 10:30,100,false
2025-11-29 10:45,100,false
2025-11-29 11:00,98,false
2025-11-29 11:15,96,false
2025-11-29 11:30,94,false
2025-11-29 11:45,92,false
2025-11-29 12:00,89,false
2025-11-29 12:15,88,false
2025-11-29 12:30,88,false
2025-11-29 12:45,86,false
2025-11-29 13:00,85,false
2025-11-29 13:16,84,false
2025-11-29 13:30,82,false
2025-11-29 13:45,78,false
2025-11-29 14:00,72,false
2025-11-29 14:15,66,false
2025-11-29 14:30,63,false
2025-11-29 14:45,,false
2025-11-29 15:00,56,false
2025-11-29 15:15,56,false
2025-11-29 15:30,56,false
2025-11-29 15:45,,false
2025-11-29 16:00,52,false
2025-11-29 16:15,50,false
2025-11-29 16:30,49,false
2025-11-29 16:45,48,false
2025-11-29 17:00,47,false
2025-11-29 17:15,45,false
2025-11-29 17:30,43,false
2025-11-29 17:45,40,false
2025-11-29 18:00,35,false
2025-11-29 18:15,32,false
2025-11-29 18:30,29,false
2025-11-29 18:45,26,false
2025-11-29 19:00,24,false
2025-11-29 19:15,19,false
2025-11-29 19:30,16,false
2025-11-29 19:45,14,false
2025-11-29 20:00,14,false
2025-11-29 20:15,13,false
2025-11-29 20:30,12,false
2025-11-29 20:45,11,false
2025-11-29 21:00,16,true
2025-11-29 21:15,,true
2025-11-29 21:30,45,true
2025-11-29 21:45,58,true
2025-11-29 22:00,71,true
2025-11-29 22:15,82,true
2025-11-29 22:30,90,true
2025-11-29 22:45,95,true
2025-11-29 23:00,98,true
2025-11-29 23:15,99,true
2025-11-29 23:30,100,true
2025-11-30 00:00,100,false
2025-11-30 00:15,100,false
2025-11-30 00:30,100,true
2025-11-30 00:45,100,true
2025-11-30 01:00,100,true
2025-11-30 01:15,100,false
2025-11-30 01:30,100,false
2025-11-30 01:45,100,false
2025-11-30 02:00,100,false
2025-11-30 02:15,100,false
2025-11-30 02:30,100,false
2025-11-30 02:45,100,false
2025-11-30 03:00,100,false
2025-11-30 03:15,100,false
2025-11-30 03:30,100,false
2025-11-30 03:45,100,false
2025-11-30 04:00,100,false
2025-11-30 04:15,100,false
2025-11-30 04:30,100,false
2025-11-30 04:45,100,false
2025-11-30 05:00,100,false
2025-11-30 05:15,100,false
2025-11-30 05:30,100,false
2025-11-30 05:45,100,false
2025-11-30 06:00,100,false
2025-11-30 06:15,100,false
2025-11-30 06:30,100,false
2025-11-30 06:45,100,false
2025-11-30 07:00,100,false
2025-11-30 07:15,100,false
2025-11-30 07:30,100,false
2025-11-30 07:45,100,false
2025-11-30 08:00,100,false
2025-11-30 08:15,100,false
2025-11-30 08:30,100,false
2025-11-30 08:45,97,false
2025-11-30 09:00,94,false
2025-11-30 09:15,90,false
2025-11-30 09:30,86,false
2025-11-30 09:45,83,false
2025-11-30 10:00,80,false
2025-11-30 10:15,77,false
2025-11-30 10:30,74,false
2025-11-30 10:45,72,false
2025-11-30 11:00,72,false
2025-11-30 11:15,72,false
2025-11-30 11:30,69,false
2025-11-30 11:45,67,false
2025-11-30 12:00,66,false
2025-11-30 12:15,65,false
2025-11-30 12:30,64,false
2025-11-30 12:45,61,false
2025-11-30 13:00,58,false
2025-11-30 13:15,55,false
2025-11-30 13:30,50,false
2025-11-30 13:45,46,false
2025-11-30 14:00,42,false
2025-11-30 14:15,38,false
2025-11-30 14:30,34,false
2025-11-30 14:45,33,false
2025-11-30 15:00,29,false
2025-11-30 15:15,28,false
2025-11-30 15:30,26,false
2025-11-30 15:45,25,false
2025-11-30 16:00,23,false
2025-11-30 16:15,22,false
2025-11-30 16:30,20,false
2025-11-30 16:45,17,false
2025-11-30 17:00,14,false
2025-11-30 17:15,12,false
2025-11-30 17:30,11,false
2025-11-30 17:45,10,false
2025-11-30 18:00,10,false
2025-11-30 18:15,7,false
2025-11-30 18:30,6,false
2025-11-30 18:45,4,false
2025-11-30 19:00,9,true
2025-11-30 19:15,25,true
2025-11-30 19:30,39,true
2025-11-30 19:45,50,true
2025-11-30 20:00,,true
2025-11-30 20:15,71,true
2025-11-30 20:30,80,true
2025-11-30 20:45,88,true
2025-11-30 21:00,93,true
2025-11-30 21:15,96,true
2025-11-30 21:30,97,false
2025-11-30 21:45,97,false
2025-11-30 22:00,96,false
2025-11-30 22:15,94,false
2025-11-30 22:30,90,false
2025-11-30 22:45,86,false
2025-11-30 23:00,81,false
2025-11-30 23:15,77,false
2025-11-30 23:30,75,true
2025-11-30 23:45,84,true
2025-12-01 00:00,91,false
2025-12-01 00:15,91,false
2025-12-01 00:30,87,true
2025-12-01 00:45,94,true
2025-12-01 01:00,97,true
2025-12-01 01:15,98,true
2025-12-01 01:30,100,false
2025-12-01 01:45,100,false
2025-12-01 02:00,100,false
2025-12-01 02:15,100,false
2025-12-01 02:30,100,false
2025-12-01 02:45,100,false
2025-12-01 03:00,100,false
2025-12-01 03:15,100,false
2025-12-01 03:30,100,false
2025-12-01 03:45,100,false
2025-12-01 04:00,100,false
2025-12-01 04:15,100,false
2025-12-01 04:30,100,false
2025-12-01 04:45,100,false
2025-12-01 05:00,100,false
2025-12-01 05:15,100,false
2025-12-01 05:30,100,false
2025-12-01 05:45,100,false
2025-12-01 06:00,100,false
2025-12-01 06:15,100,false
2025-12-01 06:30,100,false
2025-12-01 06:45,100,false
2025-12-01 07:00,100,false
2025-12-01 07:15,100,false
2025-12-01 07:30,100,false
2025-12-01 07:45,100,false
2025-12-01 08:00,100,false
2025-12-01 08:15,99,false
2025-12-01 08:30,94,false
2025-12-01 08:45,88,false
2025-12-01 09:15,79,false
2025-12-01 09:30,75,false
2025-12-01 09:45,70,false
2025-12-01 10:00,66,false
2025-12-01 10:15,74,true
2025-12-01 10:30,85,true
2025-12-01 10:45,93,true
2025-12-01 11:00,97,true
2025-12-01 11:15,99,true
2025-12-01 11:30,100,true
2025-12-01 11:45,100,false
2025-12-01 12:00,100,false
2025-12-01 12:15,100,false
2025-12-01 12:30,100,false
2025-12-01 12:45,98,false
2025-12-01 13:00,94,false
2025-12-01 13:15,91,false
2025-12-01 13:30,86,false
2025-12-01 14:00,80,false
2025-12-01 14:15,75,false
2025-12-01 14:30,70,false
2025-12-01 14:45,65,false
2025-12-01 15:00,,false
2025-12-01 15:15,57,false
2025-12-01 15:30,56,false
2025-12-01 15:45,55,false
2025-12-01 16:00,,false
2025-12-01 16:15,52,false
2025-12-01 16:30,50,false
2025-12-01 16:45,46,false
2025-12-01 17:00,43,false
2025-12-01 17:15,41,false
2025-12-01 17:30,38,false
2025-12-01 17:45,36,false
2025-12-01 18:00,,false
2025-12-01 18:15,,false
2025-12-01 18:30,24,false
2025-12-01 18:45,19,false
2025-12-01 19:00,17,false
2025-12-01 19:15,16,false
2025-12-01 19:30,14,false
2025-12-01 19:45,12,false
2025-12-01 20:00,9,false
2025-12-01 20:15,18,true
2025-12-01 20:30,31,true
2025-12-01 20:45,46,true
2025-12-01 21:00,57,false
2025-12-01 21:15,57,false
2025-12-01 21:30,56,false
2025-12-01 21:45,55,false
2025-12-01 22:00,51,false
2025-12-01 22:15,51,false
2025-12-01 22:30,48,false
2025-12-01 22:45,47,false
2025-12-01 23:00,46,false
2025-12-01 23:15,45,false
2025-12-01 23:30,41,false
2025-12-01 23:45,51,true
2025-12-02 00:00,65,true
2025-12-02 00:15,78,true
2025-12-02 00:30,87,true
2025-12-02 00:45,93,true
2025-12-02 01:00,96,true
2025-12-02 01:15,98,true
2025-12-02 01:30,100,true
2025-12-02 01:45,100,false
2025-12-02 02:00,100,false
2025-12-02 02:15,100,false
2025-12-02 02:30,100,false
2025-12-02 02:45,100,false
2025-12-02 03:00,100,false
2025-12-02 03:15,100,false
2025-12-02 03:30,100,false
2025-12-02 03:45,100,false
2025-12-02 04:00,100,false
2025-12-02 04:15,100,false
2025-12-02 04:30,100,false
2025-12-02 04:45,100,false
2025-12-02 05:00,100,false
2025-12-02 05:15,100,false
2025-12-02 05:30,100,false
2025-12-02 05:45,100,false
2025-12-02 06:00,100,false
2025-12-02 06:15,100,false
2025-12-02 06:30,98,false
2025-12-02 06:45,93,false
2025-12-02 07:00,89,false
2025-12-02 07:15,85,false
2025-12-02 07:30,82,false
2025-12-02 07:45,78,false
2025-12-02 08:00,74,false
2025-12-02 08:15,75,true
2025-12-02 08:30,88,true
2025-12-02 08:45,95,true
2025-12-02 09:00,98,true
2025-12-02 09:15,99,true
2025-12-02 09:30,100,true
2025-12-02 09:45,100,false
2025-12-02 10:00,100,false
2025-12-02 10:15,100,false
2025-12-02 10:30,100,false
2025-12-02 10:45,100,false
2025-12-02 11:00,100,false
2025-12-02 11:15,100,false
2025-12-02 11:30,100,false
2025-12-02 11:45,100,false
2025-12-02 12:00,98,false
2025-12-02 12:15,93,false
2025-12-02 12:30,89,false
2025-12-02 12:45,84,false
2025-12-02 13:00,80,false
2025-12-02 13:15,76,false
2025-12-02 13:30,73,false
2025-12-02 13:45,72,false
2025-12-02 14:00,72,false
2025-12-02 14:15,70,false
2025-12-02 14:30,69,false
2025-12-02 14:45,67,false
2025-12-02 15:00,66,false
2025-12-02 15:15,64,false
2025-12-02 15:30,63,false
2025-12-02 15:45,,false
2025-12-02 16:00,56,false
2025-12-02 16:15,,false
2025-12-02 16:30,,false
2025-12-02 16:45,52,false
2025-12-02 17:00,51,false
2025-12-02 17:15,49,false
2025-12-02 17:30,47,false
2025-12-02 17:45,44,false
2025-12-02 18:00,,true
2025-12-02 18:15,67,true
2025-12-02 18:30,79,true
2025-12-02 18:45,88,true
2025-12-02 19:00,94,true
2025-12-02 19:15,96,true
2025-12-02 19:30,97,false
2025-12-02 19:45,96,false
2025-12-02 20:00,93,false
2025-12-02 20:15,87,false
2025-12-02 20:30,81,false
2025-12-02 20:45,76,false
2025-12-02 21:00,73,false
2025-12-02 21:15,70,false
2025-12-02 21:30,70,false
2025-12-02 21:45,68,false
2025-12-02 22:00,67,false
2025-12-02 22:15,65,false
2025-12-02 22:30,63,false
2025-12-02 22:45,62,false
2025-12-02 23:00,,false
2025-12-02 23:15,55,false
2025-12-02 23:30,,false
2025-12-02 23:45,52,true
2025-12-03 00:00,65,true
2025-12-03 00:15,75,true
2025-12-03 00:30,85,true
2025-12-03 00:45,91,true
2025-12-03 01:00,95,true
2025-12-03 01:15,97,true
2025-12-03 01:30,100,true
2025-12-03 01:45,100,true
2025-12-03 02:00,100,false
2025-12-03 02:15,100,false
2025-12-03 02:30,100,false
2025-12-03 02:45,100,false
2025-12-03 03:00,100,false
2025-12-03 03:15,100,false
2025-12-03 03:30,100,false
2025-12-03 03:45,100,false
2025-12-03 04:00,100,false
2025-12-03 04:15,100,false
2025-12-03 04:30,100,false
2025-12-03 04:45,100,false
2025-12-03 05:00,100,false
2025-12-03 05:15,100,false
2025-12-03 05:30,100,false
2025-12-03 05:45,100,false
2025-12-03 06:00,100,false
2025-12-03 06:15,100,false
2025-12-03 06:30,100,false
2025-12-03 06:45,100,false
2025-12-03 07:00,100,false
2025-12-03 07:15,100,false
2025-12-03 07:30,100,false
2025-12-03 07:45,100,false
2025-12-03 08:00,100,false
2025-12-03 08:15,100,false
2025-12-03 08:30,100,false
2025-12-03 08:45,100,false
2025-12-03 09:00,100,false
2025-12-03 09:15,100,false
2025-12-03 09:30,100,false
2025-12-03 09:45,96,false
2025-12-03 10:00,93,false
2025-12-03 10:15,92,false
2025-12-03 10:30,90,false
2025-12-03 10:45,89,false
2025-12-03 11:00,88,false
2025-12-03 11:15,86,false
2025-12-03 11:30,84,false
2025-12-03 11:45,81,false
2025-12-03 12:00,78,false
2025-12-03 12:15,81,true
2025-12-03 12:30,91,true
2025-12-03 12:45,96,true
2025-12-03 13:00,98,true
2025-12-03 13:15,100,true
2025-12-03 13:30,100,true
2025-12-03 13:45,100,false
2025-12-03 14:00,100,false
2025-12-03 14:15,98,false
2025-12-03 14:30,92,false
2025-12-03 14:45,81,false
2025-12-03 15:00,75,false
2025-12-03 15:15,64,false
2025-12-03 15:30,57,false
2025-12-03 15:45,55,false
2025-12-03 16:00,46,false
2025-12-03 16:15,36,false
2025-12-03 16:30,32,false
2025-12-03 16:45,32,false
2025-12-03 17:00,29,false
2025-12-03 17:15,26,false
2025-12-03 17:30,16,false
2025-12-03 17:45,7,false
2025-12-03 18:00,19,true
2025-12-03 18:15,35,true
2025-12-03 18:30,51,true
2025-12-03 18:45,63,true
2025-12-03 19:00,75,false
2025-12-03 19:15,74,false
2025-12-03 19:30,73,false
2025-12-03 19:45,71,false
2025-12-03 20:00,69,false
2025-12-03 20:15,67,false
2025-12-03 20:30,63,false
2025-12-03 20:45,63,false
2025-12-03 21:00,62,false
2025-12-03 21:15,,false
2025-12-03 21:30,,false
2025-12-03 21:45,,false
2025-12-03 22:00,,false
2025-12-03 22:15,,false
2025-12-03 22:30,58,false
2025-12-03 22:45,57,false
2025-12-03 23:00,57,false
2025-12-03 23:15,57,false
2025-12-03 23:30,56,true
2025-12-03 23:45,69,true
2025-12-04 00:00,79,false
2025-12-04 00:15,82,true
2025-12-04 00:30,90,true
2025-12-04 00:45,95,true
2025-12-04 01:00,97,true
2025-12-04 01:15,100,true
2025-12-04 01:30,100,true
2025-12-04 01:45,100,false
2025-12-04 02:00,100,false
2025-12-04 02:15,100,false
2025-12-04 02:30,100,false
2025-12-04 02:45,100,false
2025-12-04 03:00,100,false
2025-12-04 03:15,100,false
2025-12-04 03:30,100,false
2025-12-04 03:45,100,false
2025-12-04 04:00,100,false
2025-12-04 04:15,100,false
2025-12-04 04:30,100,false
2025-12-04 04:45,100,false
2025-12-04 05:00,100,false
2025-12-04 05:15,100,false
2025-12-04 05:30,100,false
2025-12-04 05:45,100,false
2025-12-04 06:00,100,false
2025-12-04 06:15,100,false
2025-12-04 06:30,100,false
2025-12-04 06:45,100,false
2025-12-04 07:00,100,false
2025-12-04 07:15,100,false
2025-12-04 07:30,100,false
2025-12-04 07:45,100,false
2025-12-04 08:00,100,false
2025-12-04 08:15,100,false
2025-12-04 08:30,97,false
2025-12-04 08:45,94,false
2025-12-04 09:00,89,false
2025-12-04 09:15,87,false
2025-12-04 09:30,82,false
2025-12-04 09:45,76,false
2025-12-04 10:00,70,false
2025-12-04 10:15,65,false
2025-12-04 10:30,58,false
2025-12-04 10:45,,false
2025-12-04 11:00,50,false
2025-12-04 11:15,48,false
2025-12-04 11:30,,true
2025-12-04 11:45,77,true
2025-12-04 12:00,88,true
2025-12-04 12:15,95,true
2025-12-04 12:30,95,false
2025-12-04 12:45,94,false
2025-12-04 13:00,89,false
2025-12-04 13:15,85,false
2025-12-04 13:30,81,false
2025-12-04 13:45,78,false
2025-12-04 14:00,75,false
2025-12-04 14:15,72,false
2025-12-04 14:30,68,false
2025-12-04 14:45,65,false
2025-12-04 15:00,62,false
2025-12-04 15:15,,false
2025-12-04 15:30,,false
2025-12-04 15:45,51,false
2025-12-04 16:00,50,false
2025-12-04 16:15,48,false
2025-12-04 16:30,47,false
2025-12-04 16:45,47,false
2025-12-04 17:00,47,false
2025-12-04 17:15,46,false
2025-12-04 17:30,44,false
2025-12-04 17:45,41,false
2025-12-04 18:00,39,false
2025-12-04 18:15,41,true
2025-12-04 18:30,56,true
2025-12-04 18:45,68,true
2025-12-04 19:00,79,false
2025-12-04 19:15,84,true
2025-12-04 19:30,91,true
2025-12-04 19:45,96,true
2025-12-04 20:00,97,true
2025-12-04 20:15,99,true
2025-12-04 20:30,100,false
2025-12-04 20:45,99,false
2025-12-04 21:00,93,false
2025-12-04 21:15,88,false
2025-12-04 21:30,83,false
2025-12-04 21:45,81,false
2025-12-04 22:00,80,false
2025-12-04 22:15,79,false
2025-12-04 22:30,78,false
2025-12-04 22:45,77,false
2025-12-04 23:00,72,false
2025-12-04 23:15,70,false
2025-12-04 23:45,61,false
2025-12-05 00:00,58,true
2025-12-05 00:15,70,true
2025-12-05 00:30,82,true
2025-12-05 00:45,90,true
2025-12-05 01:00,95,true
2025-12-05 01:15,97,true
2025-12-05 01:30,99,true
2025-12-05 01:45,100,true
2025-12-05 02:00,100,false
2025-12-05 02:15,100,false
2025-12-05 02:30,100,false
2025-12-05 02:45,100,false
2025-12-05 03:00,100,false
2025-12-05 03:15,100,false
2025-12-05 03:30,100,false
2025-12-05 03:45,100,false
2025-12-05 04:00,100,false
2025-12-05 04:15,100,false
2025-12-05 04:30,100,false
2025-12-05 04:45,100,false
2025-12-05 05:00,100,false
2025-12-05 05:15,100,false
2025-12-05 05:30,100,false
2025-12-05 05:45,100,false
2025-12-05 06:00,100,false
2025-12-05 06:15,100,false
2025-12-05 06:30,100,false
2025-12-05 06:45,100,false
2025-12-05 07:00,100,false
2025-12-05 07:15,100,false
2025-12-05 07:30,100,false
2025-12-05 07:45,100,false
2025-12-05 08:00,100,false
2025-12-05 08:15,100,false
2025-12-05 08:30,100,false
2025-12-05 08:45,100,false
2025-12-05 09:00,100,false
2025-12-05 09:15,100,false
2025-12-05 09:30,99,false
2025-12-05 09:45,95,false
2025-12-05 10:00,91,false
2025-12-05 10:15,88,false
2025-12-05 10:30,83,false
2025-12-05 10:45,80,false
2025-12-05 11:00,78,false
2025-12-05 11:15,76,false
2025-12-05 11:30,76,false
2025-12-05 11:45,73,false
2025-12-05 12:00,69,false
2025-12-05 12:15,64,false
2025-12-05 12:30,,false
2025-12-05 12:45,58,false
2025-12-05 13:00,52,false
2025-12-05 13:15,48,false
2025-12-05 13:30,44,false
2025-12-05 13:45,40,false
2025-12-05 14:00,40,false
2025-12-05 14:15,38,false
2025-12-05 14:30,37,false
2025-12-05 14:45,36,true
2025-12-05 15:00,,true
2025-12-05 15:15,67,true
2025-12-05 15:30,82,true
2025-12-05 15:45,91,true
2025-12-05 16:00,94,false
2025-12-05 16:15,94,false
2025-12-05 16:30,91,false
2025-12-05 16:45,85,false
2025-12-05 17:00,78,false
2025-12-05 17:15,77,false
2025-12-05 17:30,73,false
2025-12-05 17:45,71,false
2025-12-05 18:00,66,false
2025-12-05 18:15,65,false
2025-12-05 18:30,64,false
2025-12-05 18:45,63,false
2025-12-05 19:00,62,false
2025-12-05 19:15,62,false
2025-12-05 19:30,,false
2025-12-05 19:45,,false
2025-12-05 20:00,,false
2025-12-05 20:15,,false
2025-12-05 20:30,,false
2025-12-05 20:45,58,false
2025-12-05 21:00,58,false
2025-12-05 21:15,58,false
2025-12-05 21:30,57,false
2025-12-05 21:45,57,false
2025-12-05 22:00,56,false
2025-12-05 22:15,,false
2025-12-05 22:30,51,false
2025-12-05 22:45,47,false
2025-12-05 23:00,43,false
2025-12-05 23:15,40,false
2025-12-05 23:30,36,false
2025-12-05 23:45,32,false
2025-12-06 00:00,,false
2025-12-06 00:15,31,true
2025-12-06 00:30,45,true
2025-12-06 00:45,57,true
2025-12-06 01:00,68,true
2025-12-06 01:15,78,true
2025-12-06 01:30,86,true
2025-12-06 01:45,92,true
2025-12-06 02:00,95,true
2025-12-06 02:15,98,true
2025-12-06 02:30,100,true
2025-12-06 03:00,100,true
2025-12-06 03:15,100,false
2025-12-06 03:30,100,false
2025-12-06 03:45,100,false
2025-12-06 04:00,100,false
2025-12-06 04:15,100,false
2025-12-06 04:30,100,false
2025-12-06 04:45,100,false
2025-12-06 05:00,100,false
2025-12-06 05:15,100,false
2025-12-06 05:30,100,false
2025-12-06 05:45,100,false
2025-12-06 06:00,100,false
2025-12-06 06:15,100,false
2025-12-06 06:30,100,false
2025-12-06 06:45,100,false
2025-12-06 07:00,100,false
2025-12-06 07:15,100,false
2025-12-06 07:30,100,false
2025-12-06 07:45,100,false
2025-12-06 08:00,100,false
2025-12-06 08:15,100,false
2025-12-06 08:30,100,false
2025-12-06 08:45,100,false
2025-12-06 09:00,99,false
2025-12-06 09:15,99,false
2025-12-06 09:30,98,false
2025-12-06 09:45,97,false
2025-12-06 10:00,96,false
2025-12-06 10:15,95,false
2025-12-06 10:30,93,false
2025-12-06 10:45,93,false
2025-12-06 11:00,93,false
2025-12-06 11:15,92,false
2025-12-06 11:30,90,false
2025-12-06 11:45,89,false
2025-12-06 12:00,86,false
2025-12-06 12:15,84,false
2025-12-06 12:30,83,false
2025-12-06 12:45,83,false
2025-12-06 13:00,82,false
2025-12-06 13:15,81,false
2025-12-06 13:30,81,false
2025-12-06 13:45,75,false
2025-12-06 14:00,69,false
2025-12-06 14:15,67,false
2025-12-06 14:30,67,false
2025-12-06 14:45,66,false
2025-12-06 15:00,62,false
2025-12-06 15:15,,false
2025-12-06 15:30,,false
2025-12-06 15:45,,false
2025-12-06 16:00,58,false
2025-12-06 16:15,58,false
2025-12-06 16:30,56,false
2025-12-06 16:45,55,false
2025-12-06 17:00,55,false
2025-12-06 17:15,52,false
2025-12-06 17:30,51,false
2025-12-06 17:45,50,false
2025-12-06 18:00,49,false
2025-12-06 18:15,48,false
2025-12-06 18:30,46,false
2025-12-06 18:45,44,false
2025-12-06 19:00,41,false
2025-12-06 19:15,38,false
2025-12-06 19:30,37,false
2025-12-06 19:45,34,false
2025-12-06 20:00,31,false
2025-12-06 20:15,28,false
2025-12-06 20:30,24,false
2025-12-06 20:45,20,false
2025-12-06 21:00,16,false
2025-12-06 21:15,10,false
2025-12-06 21:30,10,false
2025-12-06 21:45,6,true
2025-12-06 22:00,20,true
2025-12-06 22:15,34,true
2025-12-06 22:30,49,true
2025-12-06 22:45,65,true
2025-12-06 23:00,76,true
2025-12-06 23:15,84,true
2025-12-06 23:30,91,true
2025-12-06 23:45,96,true
2025-12-07 00:00,98,true
2025-12-07 00:15,100,true
2025-12-07 00:30,100,false
2025-12-07 00:45,100,false
2025-12-07 01:00,100,false
2025-12-07 01:15,100,false
2025-12-07 01:30,100,false
2025-12-07 01:45,100,false
2025-12-07 02:00,100,false
2025-12-07 02:15,100,false
2025-12-07 02:30,100,false
2025-12-07 02:45,100,false
2025-12-07 03:00,100,false
2025-12-07 03:15,100,false
2025-12-07 03:30,100,false
2025-12-07 03:45,100,false
2025-12-07 04:00,100,false
2025-12-07 04:15,100,false
2025-12-07 04:30,100,false
2025-12-07 04:45,100,false
2025-12-07 05:00,100,false
2025-12-07 05:15,100,false
2025-12-07 05:30,100,false
2025-12-07 05:45,100,false
2025-12-07 06:00,100,false
2025-12-07 06:15,100,false
2025-12-07 06:30,100,false
2025-12-07 06:45,100,false
2025-12-07 07:00,100,false
2025-12-07 07:15,100,false
2025-12-07 07:30,100,false
2025-12-07 07:45,100,false
2025-12-07 08:00,100,false
2025-12-07 08:15,100,false
2025-12-07 08:30,100,false
2025-12-07 08:45,100,false
2025-12-07 09:00,100,false
2025-12-07 09:15,98,false
2025-12-07 09:30,96,false
2025-12-07 09:45,90,false
2025-12-07 10:00,89,false
2025-12-07 10:15,87,false
2025-12-07 10:30,86,false
2025-12-07 10:45,86,false
2025-12-07 11:00,86,false
2025-12-07 11:15,84,false
2025-12-07 11:30,81,false
2025-12-07 11:45,78,false
2025-12-07 12:00,75,false
2025-12-07 12:15,72,false
2025-12-07 12:30,69,false
2025-12-07 12:45,66,false
2025-12-07 13:00,64,false
2025-12-07 13:15,61,false
2025-12-07 13:30,57,false
2025-12-07 13:45,,false
2025-12-07 14:00,48,false
2025-12-07 14:15,45,false
2025-12-07 14:30,44,false
2025-12-07 14:45,43,false
2025-12-07 15:00,42,false
2025-12-07 15:15,41,false
2025-12-07 15:30,40,false
2025-12-07 15:45,40,false
2025-12-07 16:00,39,false
2025-12-07 16:15,39,false
2025-12-07 16:30,38,false
2025-12-07 16:45,38,false
2025-12-07 17:00,36,false
2025-12-07 17:15,36,false
2025-12-07 17:30,36,false
2025-12-07 17:45,32,false
2025-12-07 18:00,,false
2025-12-07 18:15,,false
2025-12-07 18:30,,false
2025-12-07 18:45,29,false
2025-12-07 19:00,29,false
2025-12-07 19:15,26,false
2025-12-07 19:30,26,false
2025-12-07 19:45,25,false
2025-12-07 20:00,25,false
2025-12-07 20:15,24,false
2025-12-07 20:30,23,false
2025-12-07 20:45,21,false
2025-12-07 21:00,19,false
2025-12-07 21:15,18,false
2025-12-07 21:30,18,false
2025-12-07 21:45,18,false
2025-12-07 22:00,18,false
2025-12-07 22:15,16,false
2025-12-07 22:30,14,false
2025-12-07 22:45,12,false
2025-12-07 23:00,11,false
2025-12-07 23:15,11,false
2025-12-07 23:30,10,false
2025-12-07 23:45,10,false
2025-12-08 00:00,9,false
2025-12-08 00:15,8,false
2025-12-08 00:30,,true
2025-12-08 00:45,33,true
2025-12-08 01:00,51,true
2025-12-08 01:15,68,true
2025-12-08 01:30,80,true
2025-12-08 01:45,88,true
2025-12-08 02:00,92,true
2025-12-08 02:15,95,true
2025-12-08 02:30,97,true
2025-12-08 02:45,98,true
2025-12-08 03:00,100,false
2025-12-08 03:15,100,false
2025-12-08 03:30,100,false
2025-12-08 03:45,100,false
2025-12-08 04:00,100,false
2025-12-08 04:15,100,false
2025-12-08 04:30,100,false
2025-12-08 04:45,100,false
2025-12-08 05:00,100,false
2025-12-08 05:15,100,false
2025-12-08 05:30,100,false
2025-12-08 05:45,100,false
2025-12-08 06:00,100,false
2025-12-08 06:15,100,false
2025-12-08 06:30,100,false
2025-12-08 06:45,100,false
2025-12-08 07:00,100,false
2025-12-08 07:15,100,false
2025-12-08 07:30,100,false
2025-12-08 07:45,100,false
2025-12-08 08:00,100,false
2025-12-08 08:15,100,false
2025-12-08 08:30,96,false
2025-12-08 08:45,93,false
2025-12-08 09:00,88,false
2025-12-08 09:15,85,false
2025-12-08 09:30,88,true
2025-12-08 09:45,95,true
2025-12-08 10:00,98,true
2025-12-08 10:15,100,true
2025-12-08 10:30,100,true
2025-12-08 10:45,100,false
2025-12-08 11:00,100,false
2025-12-08 11:15,100,false
2025-12-08 11:30,100,false
2025-12-08 11:45,100,false
2025-12-08 12:00,100,false
2025-12-08 12:15,100,false
2025-12-08 12:30,100,false
2025-12-08 12:45,95,false
2025-12-08 13:00,88,false
2025-12-08 13:15,83,false
2025-12-08 13:30,78,false
2025-12-08 14:00,67,false
2025-12-08 14:15,65,false
2025-12-08 14:30,64,false
2025-12-08 14:45,62,false
2025-12-08 15:00,61,false
2025-12-08 15:15,,false
2025-12-08 15:30,,false
2025-12-08 15:45,55,false
2025-12-08 16:00,,false
2025-12-08 16:15,51,false
2025-12-08 16:30,49,false
2025-12-08 16:45,46,false
2025-12-08 17:00,44,false
2025-12-08 17:15,42,false
2025-12-08 17:30,41,false
2025-12-08 17:45,39,false
2025-12-08 18:00,39,false
2025-12-08 18:15,34,false
2025-12-08 18:30,28,false
2025-12-08 18:45,17,false
2025-12-08 19:15,12,false
2025-12-08 19:30,12,false
2025-12-08 19:45,11,false
2025-12-08 20:00,9,false
2025-12-08 20:15,,true
2025-12-08 20:30,33,true
2025-12-08 20:45,34,false
2025-12-08 21:00,32,false
2025-12-08 21:15,,false
2025-12-08 21:30,,false
2025-12-08 21:45,26,false
2025-12-08 22:00,24,false
2025-12-08 22:15,23,false
2025-12-08 22:30,21,false
2025-12-08 22:45,20,false
2025-12-08 23:00,18,false
2025-12-08 23:15,17,false
2025-12-08 23:30,16,false
2025-12-08 23:45,14,false
2025-12-09 00:00,13,false
2025-12-09 00:15,12,false
2025-12-09 00:30,16,true
2025-12-09 00:45,31,true
2025-12-09 01:00,46,true
2025-12-09 01:15,,true
2025-12-09 01:30,72,true
2025-12-09 01:45,83,true
2025-12-09 02:00,90,true
2025-12-09 02:15,94,true
2025-12-09 02:30,96,true
2025-12-09 02:45,98,true
2025-12-09 03:00,100,true
2025-12-09 03:15,100,false
2025-12-09 03:30,100,false
2025-12-09 03:45,100,false
2025-12-09 04:00,100,false
2025-12-09 04:15,100,false
2025-12-09 04:30,100,false
2025-12-09 04:45,100,false
2025-12-09 05:00,100,false
2025-12-09 05:15,100,false
2025-12-09 05:30,100,false
2025-12-09 05:45,100,false
2025-12-09 06:00,100,false
2025-12-09 06:15,100,false
2025-12-09 06:30,98,false
2025-12-09 06:45,93,false
2025-12-09 07:00,87,false
2025-12-09 07:15,82,false
2025-12-09 07:30,81,true
2025-12-09 07:45,86,true
2025-12-09 08:00,93,true
2025-12-09 08:15,97,true
2025-12-09 08:30,99,true
2025-12-09 08:45,100,true
2025-12-09 09:00,100,true
2025-12-09 09:15,100,false
2025-12-09 09:30,100,false
2025-12-09 09:45,100,false
2025-12-09 10:00,100,false
2025-12-09 10:15,100,false
2025-12-09 10:30,100,false
2025-12-09 10:45,100,false
2025-12-09 11:00,100,false
2025-12-09 11:15,100,false
2025-12-09 11:30,100,false
2025-12-09 11:45,100,false
2025-12-09 12:00,95,false
2025-12-09 12:15,88,false
2025-12-09 12:30,84,false
2025-12-09 12:45,81,false
2025-12-09 13:00,77,false
2025-12-09 13:15,72,false
2025-12-09 13:30,69,false
2025-12-09 13:45,65,false
2025-12-09 14:00,65,false
2025-12-09 14:15,64,false
2025-12-09 14:30,64,false
2025-12-09 14:45,63,false
2025-12-09 15:00,63,false
2025-12-09 15:15,62,false
2025-12-09 15:30,,false
2025-12-09 15:45,56,false
2025-12-09 16:00,,false
2025-12-09 16:15,52,false
2025-12-09 16:30,51,false
2025-12-09 16:45,47,false
2025-12-09 17:00,43,false
2025-12-09 17:15,39,false
2025-12-09 17:30,36,false
2025-12-09 17:45,35,false
2025-12-09 18:00,33,false
2025-12-09 18:15,33,false
2025-12-09 18:30,32,false
2025-12-09 18:45,,false
2025-12-09 19:00,29,false
2025-12-09 19:15,29,false
2025-12-09 19:30,28,false
2025-12-09 19:45,28,false
2025-12-09 20:00,26,false
2025-12-09 20:15,24,false
2025-12-09 20:30,21,false
2025-12-09 20:45,19,false
2025-12-09 21:00,17,false
2025-12-09 21:15,11,false
2025-12-09 21:30,11,false
2025-12-09 21:45,9,false
2025-12-09 22:00,5,false
2025-12-09 22:15,13,true
2025-12-09 22:30,29,true
2025-12-09 22:45,44,true
2025-12-09 23:00,57,true
2025-12-09 23:15,70,true
2025-12-09 23:30,81,true
2025-12-09 23:45,90,true